id,label
0,0
1,14
2,0
3,15
4,0
5,3
6,0
7,0
8,15
9,0
10,14
11,0
12,15
13,0
14,14
15,2
16,1
17,15
18,3
19,1
20,15
21,0
22,3
23,2
24,15
25,14
26,14
27,4
28,2
29,15
30,1
31,3
32,15
33,0
34,0
35,14
36,15
37,1
38,1
39,14
40,2
41,2
42,3
43,15
44,14
45,3
46,15
47,0
48,0
49,4
50,0
51,1
52,15
53,0
54,3
55,0
56,1
57,15
58,0
59,3
60,0
61,14
62,1
63,15
64,0
65,2
66,3
67,15
68,0
69,14
70,0
71,15
72,0
73,14
74,15
75,0
76,1
77,14
78,0
79,15
80,0
81,3
82,15
83,1
84,0
85,4
86,1
87,15
88,0
89,3
90,15
91,0
92,0
93,14
94,0
95,2
96,2
97,15
98,2
99,14
100,15
101,1
102,4
103,2
104,2
105,0
106,3
107,15
108,0
109,0
110,2
111,0
112,15
113,2
114,0
115,4
116,15
117,14
118,3
119,0
120,0
121,14
122,0
123,0
124,15
125,14
126,4
127,2
128,14
129,15
130,0
131,3
132,0
133,3
134,15
135,1
136,0
137,0
138,4
139,0
140,2
141,15
142,0
143,14
144,2
145,0
146,0
147,15
148,0
149,2
150,14
151,0
152,2
153,7
154,15
155,0
156,14
157,15
158,0
159,1
160,14
161,1
162,15
163,0
164,0
165,14
166,15
167,0
168,14
169,15
170,0
171,2
172,0
173,15
174,0
175,3
176,15
177,14
178,3
179,2
180,15
181,14
182,3
183,1
184,3
185,2
186,14
187,15
188,0
189,3
190,1
191,1
192,15
193,0
194,2
195,0
196,3
197,0
198,2
199,15
200,0
201,14
202,15
203,0
204,3
205,0
206,1
207,15
208,14
209,0
210,3
211,15
212,0
213,2
214,0
215,15
216,0
217,0
218,14
219,15
220,0
221,3
222,2
223,2
224,15
225,2
226,0
227,14
228,0
229,2
230,15
231,0
232,3
233,14
234,15
235,0
236,0
237,2
238,15
239,14
240,0
241,3
242,15
243,14
244,15
245,14
246,15
247,14
248,4
249,15
250,0
251,3
252,1
253,1
254,15
255,0
256,0
257,2
258,4
259,15
260,2
261,0
262,14
263,2
264,2
265,15
266,14
267,0
268,3
269,15
270,0
271,3
272,15
273,2
274,2
275,0
276,14
277,2
278,15
279,14
280,14
281,4
282,3
283,0
284,2
285,15
286,14
287,3
288,1
289,0
290,0
291,0
292,1
293,15
294,0
295,3
296,2
297,15
298,14
299,3
300,0
301,3
302,0
303,2
304,15
305,0
306,14
307,3
308,0
309,14
310,2
311,0
312,1
313,15
314,0
315,3
316,0
317,0
318,14
319,15
320,0
321,3
322,0
323,15
324,0
325,3
326,2
327,15
328,14
329,3
330,1
331,3
332,2
333,14
334,15
335,0
336,2
337,4
338,0
339,14
340,15
341,2
342,3
343,0
344,14
345,2
346,2
347,15
348,14
349,15
350,14
351,15
352,14
353,15
354,14
355,15
356,0
357,3
358,1
359,1
360,15
361,2
362,0
363,14
364,2
365,2
366,15
367,0
368,0
369,14
370,0
371,1
372,15
373,14
374,14
375,4
376,0
377,14
378,0
379,2
380,15
381,14
382,3
383,0
384,14
385,1
386,1
387,15
388,2
389,3
390,15
391,14
392,3
393,0
394,3
395,0
396,14
397,2
398,15
399,0
400,2
401,0
402,15
403,0
404,3
405,0
406,0
407,15
408,0
409,3
410,1
411,1
412,15
413,0
414,0
415,0
416,14
417,1
418,15
419,14
420,0
421,3
422,15
423,1
424,3
425,0
426,0
427,0
428,15
429,0
430,3
431,0
432,1
433,15
434,0
435,3
436,1
437,1
438,15
439,0
440,14
441,15
442,0
443,3
444,15
445,0
446,3
447,0
448,14
449,15
450,14
451,0
452,3
453,15
454,0
455,3
456,0
457,1
458,15
459,14
460,3
461,2
462,0
463,14
464,1
465,15
466,14
467,3
468,0
469,3
470,0
471,1
472,15
473,0
474,3
475,15
476,0
477,3
478,2
479,0
480,14
481,15
482,0
483,3
484,1
485,1
486,3
487,0
488,15
489,14
490,3
491,0
492,14
493,2
494,2
495,14
496,2
497,15
498,0
499,3
500,0
501,2
502,14
503,15
504,0
505,3
506,15
507,0
508,1
509,14
510,0
511,15
512,0
513,3
514,0
515,15
516,14
517,14
518,4
519,3
520,0
521,14
522,2
523,15
524,2
525,3
526,0
527,3
528,2
529,15
530,2
531,3
532,15
533,0
534,14
535,2
536,15
537,14
538,3
539,0
540,3
541,2
542,15
543,2
544,3
545,15
546,14
547,3
548,0
549,3
550,1
551,14
552,2
553,15
554,0
555,14
556,15
557,0
558,3
559,15
560,0
561,14
562,0
563,15
564,0
565,0
566,14
567,0
568,15
569,14
570,14
571,4
572,3
573,0
574,2
575,15
576,2
577,3
578,0
579,1
580,15
581,0
582,0
583,14
584,15
585,0
586,14
587,15
588,1
589,3
590,0
591,3
592,0
593,3
594,15
595,2
596,3
597,15
598,14
599,3
600,2
601,0
602,14
603,2
604,15
605,0
606,0
607,14
608,0
609,15
610,0
611,0
612,2
613,15
614,14
615,14
616,4
617,14
618,2
619,2
620,15
621,0
622,3
623,0
624,1
625,15
626,0
627,14
628,15
629,0
630,4
631,1
632,15
633,0
634,0
635,14
636,15
637,0
638,0
639,14
640,0
641,1
642,15
643,0
644,3
645,0
646,15
647,0
648,3
649,2
650,15
651,14
652,3
653,2
654,15
655,0
656,3
657,2
658,15
659,0
660,3
661,2
662,15
663,0
664,3
665,0
666,2
667,15
668,0
669,4
670,1
671,15
672,0
673,0
674,0
675,4
676,1
677,15
678,2
679,3
680,15
681,0
682,14
683,2
684,15
685,14
686,14
687,4
688,3
689,2
690,15
691,0
692,0
693,15
694,0
695,14
696,15
697,0
698,0
699,4
700,1
701,15
702,0
703,3
704,15
705,0
706,3
707,2
708,15
709,14
710,3
711,0
712,14
713,2
714,2
715,14
716,2
717,15
718,2
719,0
720,4
721,15
722,1
723,3
724,0
725,0
726,15
727,0
728,3
729,0
730,15
731,14
732,3
733,2
734,15
735,0
736,3
737,2
738,15
739,14
740,4
741,0
742,14
743,15
744,1
745,0
746,15
747,0
748,3
749,15
750,0
751,14
752,2
753,15
754,14
755,3
756,0
757,3
758,2
759,15
760,2
761,0
762,4
763,1
764,15
765,0
766,1
767,14
768,0
769,15
770,0
771,2
772,14
773,5
774,14
775,15
776,2
777,3
778,15
779,0
780,14
781,2
782,15
783,14
784,14
785,4
786,0
787,0
788,0
789,15
790,2
791,14
792,15
793,0
794,3
795,2
796,2
797,15
798,0
799,0
800,3
801,2
802,15
803,0
804,14
805,2
806,2
807,15
808,0
809,14
810,3
811,1
812,0
813,14
814,1
815,15
816,2
817,14
818,14
819,4
820,2
821,14
822,2
823,15
824,1
825,0
826,14
827,15
828,0
829,3
830,15
831,0
832,1
833,15
834,2
835,14
836,2
837,15
838,0
839,0
840,0
841,0
842,15
843,0
844,2
845,14
846,0
847,2
848,15
849,0
850,2
851,14
852,15
853,0
854,0
855,14
856,2
857,15
858,14
859,3
860,1
861,0
862,4
863,2
864,15
865,0
866,2
867,14
868,0
869,6
870,15
871,0
872,0
873,14
874,15
875,0
876,0
877,14
878,15
879,14
880,3
881,1
882,0
883,14
884,2
885,15
886,0
887,1
888,0
889,15
890,0
891,3
892,1
893,1
894,15
895,14
896,15
897,2
898,2
899,0
900,14
901,2
902,15
903,1
904,3
905,0
906,0
907,0
908,0
909,2
910,2
911,15
912,14
913,15
914,0
915,3
916,15
917,0
918,2
919,4
920,0
921,14
922,15
923,0
924,14
925,15
926,0
927,0
928,14
929,2
930,1
931,15
932,0
933,0
934,3
935,2
936,15
937,14
938,0
939,14
940,15
941,0
942,3
943,0
944,0
945,0
946,14
947,15
948,0
949,3
950,0
951,15
952,14
953,3
954,0
955,3
956,2
957,15
958,0
959,0
960,3
961,2
962,15
963,14
964,3
965,15
966,0
967,3
968,0
969,15
970,0
971,1
972,15
973,2
974,14
975,0
976,14
977,15
978,0
979,3
980,1
981,15
982,14
983,2
984,14
985,3
986,2
987,3
988,0
989,14
990,2
991,15
992,0
993,0
994,2
995,14
996,1
997,15
998,14
999,3
1000,2
1001,3
1002,0
1003,2
1004,15
1005,0
1006,0
1007,0
1008,14
1009,15
1010,1
1011,0
1012,4
1013,6
1014,15
1015,0
1016,1
1017,3
1018,15
1019,1
1020,0
1021,14
1022,2
1023,0
1024,1
1025,15
1026,1
1027,0
1028,0
1029,0
1030,2
1031,1
1032,15
1033,0
1034,0
1035,3
1036,0
1037,15
1038,0
1039,0
1040,14
1041,0
1042,2
1043,15
1044,1
1045,0
1046,14
1047,2
1048,2
1049,2
1050,15
1051,14
1052,14
1053,4
1054,3
1055,2
1056,14
1057,15
1058,0
1059,0
1060,0
1061,14
1062,0
1063,15
1064,0
1065,0
1066,0
1067,0
1068,15
1069,1
1070,3
1071,0
1072,7
1073,15
1074,2
1075,0
1076,3
1077,2
1078,15
1079,0
1080,2
1081,3
1082,15
1083,0
1084,14
1085,2
1086,0
1087,1
1088,0
1089,14
1090,2
1091,1
1092,15
1093,14
1094,3
1095,2
1096,3
1097,1
1098,15
1099,0
1100,2
1101,4
1102,1
1103,15
1104,0
1105,3
1106,0
1107,1
1108,15
1109,14
1110,3
1111,1
1112,3
1113,1
1114,14
1115,1
1116,15
1117,0
1118,3
1119,15
1120,14
1121,3
1122,0
1123,14
1124,2
1125,0
1126,2
1127,15
1128,0
1129,14
1130,3
1131,2
1132,0
1133,14
1134,0
1135,15
1136,14
1137,14
1138,4
1139,0
1140,4
1141,1
1142,15
1143,2
1144,14
1145,15
1146,14
1147,14
1148,4
1149,3
1150,0
1151,2
1152,15
1153,0
1154,14
1155,15
1156,1
1157,3
1158,0
1159,1
1160,15
1161,14
1162,3
1163,2
1164,3
1165,1
1166,15
1167,0
1168,0
1169,4
1170,15
1171,14
1172,3
1173,0
1174,0
1175,1
1176,15
1177,0
1178,0
1179,3
1180,0
1181,1
1182,15
1183,2
1184,14
1185,2
1186,15
1187,0
1188,3
1189,15
1190,14
1191,3
1192,0
1193,3
1194,1
1195,15
1196,1
1197,0
1198,15
1199,0
1200,3
1201,15
1202,14
1203,3
1204,0
1205,3
1206,1
1207,14
1208,1
1209,15
1210,0
1211,0
1212,3
1213,2
1214,15
1215,14
1216,3
1217,15
1218,0
1219,14
1220,0
1221,15
1222,1
1223,0
1224,0
1225,5
1226,14
1227,15
1228,0
1229,2
1230,14
1231,5
1232,14
1233,15
1234,0
1235,3
1236,15
1237,0
1238,0
1239,3
1240,2
1241,15
1242,14
1243,3
1244,15
1245,0
1246,14
1247,0
1248,15
1249,0
1250,3
1251,1
1252,14
1253,5
1254,14
1255,15
1256,0
1257,0
1258,3
1259,2
1260,15
1261,0
1262,14
1263,14
1264,4
1265,3
1266,2
1267,15
1268,0
1269,0
1270,0
1271,0
1272,4
1273,1
1274,15
1275,0
1276,3
1277,1
1278,14
1279,6
1280,15
1281,0
1282,0
1283,3
1284,2
1285,15
1286,1
1287,0
1288,4
1289,0
1290,15
1291,0
1292,3
1293,0
1294,14
1295,15
1296,0
1297,0
1298,0
1299,3
1300,15
1301,0
1302,0
1303,0
1304,0
1305,3
1306,15
1307,0
1308,3
1309,0
1310,15
1311,0
1312,14
1313,2
1314,7
1315,15
1316,2
1317,0
1318,3
1319,0
1320,2
1321,2
1322,15
1323,0
1324,2
1325,0
1326,15
1327,0
1328,3
1329,0
1330,15
1331,0
1332,3
1333,2
1334,2
1335,15
1336,0
1337,1
1338,14
1339,2
1340,15
1341,2
1342,0
1343,14
1344,2
1345,2
1346,2
1347,15
1348,0
1349,0
1350,14
1351,2
1352,2
1353,15
1354,14
1355,3
1356,0
1357,3
1358,2
1359,15
1360,14
1361,14
1362,4
1363,3
1364,1
1365,15
1366,0
1367,0
1368,3
1369,0
1370,1
1371,15
1372,0
1373,0
1374,0
1375,7
1376,15
1377,2
1378,0
1379,3
1380,2
1381,15
1382,0
1383,2
1384,14
1385,0
1386,15
1387,0
1388,3
1389,1
1390,1
1391,15
1392,0
1393,14
1394,15
1395,0
1396,3
1397,0
1398,1
1399,0
1400,14
1401,15
1402,2
1403,14
1404,3
1405,0
1406,14
1407,2
1408,15
1409,0
1410,3
1411,15
1412,2
1413,0
1414,3
1415,2
1416,15
1417,0
1418,0
1419,0
1420,4
1421,1
1422,15
1423,14
1424,14
1425,4
1426,4
1427,1
1428,3
1429,15
1430,0
1431,3
1432,15
1433,0
1434,14
1435,15
1436,0
1437,3
1438,0
1439,1
1440,1
1441,15
1442,0
1443,0
1444,15
1445,0
1446,2
1447,0
1448,15
1449,14
1450,4
1451,14
1452,15
1453,0
1454,14
1455,2
1456,0
1457,15
1458,14
1459,15
1460,14
1461,15
1462,14
1463,15
1464,14
1465,15
1466,0
1467,3
1468,1
1469,15
1470,14
1471,3
1472,0
1473,3
1474,2
1475,15
1476,0
1477,0
1478,0
1479,1
1480,3
1481,15
1482,0
1483,0
1484,0
1485,1
1486,3
1487,15
1488,0
1489,3
1490,15
1491,0
1492,3
1493,15
1494,0
1495,14
1496,0
1497,15
1498,0
1499,0
1500,14
1501,15
1502,0
1503,2
1504,0
1505,15
1506,0
1507,2
1508,3
1509,15
1510,2
1511,14
1512,2
1513,15
1514,0
1515,0
1516,14
1517,15
1518,14
1519,14
1520,4
1521,3
1522,2
1523,14
1524,1
1525,15
1526,0
1527,1
1528,0
1529,15
1530,0
1531,4
1532,1
1533,15
1534,14
1535,3
1536,15
1537,0
1538,0
1539,0
1540,15
1541,0
1542,3
1543,4
1544,15
1545,0
1546,14
1547,2
1548,7
1549,15
1550,0
1551,3
1552,2
1553,14
1554,2
1555,15
1556,0
1557,14
1558,15
1559,1
1560,0
1561,14
1562,1
1563,15
1564,0
1565,3
1566,0
1567,15
1568,0
1569,2
1570,3
1571,15
1572,0
1573,0
1574,0
1575,15
1576,2
1577,2
1578,15
1579,0
1580,3
1581,2
1582,14
1583,1
1584,15
1585,0
1586,14
1587,15
1588,0
1589,14
1590,15
1591,0
1592,0
1593,14
1594,1
1595,15
1596,0
1597,3
1598,15
1599,14
1600,2
1601,14
1602,3
1603,2
1604,3
1605,0
1606,14
1607,1
1608,15
1609,0
1610,3
1611,15
1612,0
1613,3
1614,0
1615,0
1616,15
1617,0
1618,0
1619,4
1620,1
1621,15
1622,14
1623,15
1624,14
1625,15
1626,14
1627,15
1628,14
1629,15
1630,0
1631,3
1632,1
1633,1
1634,15
1635,0
1636,0
1637,14
1638,15
1639,0
1640,4
1641,15
1642,0
1643,3
1644,15
1645,2
1646,14
1647,15
1648,0
1649,3
1650,2
1651,15
1652,0
1653,2
1654,0
1655,1
1656,15
1657,0
1658,4
1659,1
1660,0
1661,14
1662,6
1663,0
1664,2
1665,14
1666,1
1667,15
1668,0
1669,0
1670,3
1671,2
1672,15
1673,0
1674,0
1675,0
1676,0
1677,4
1678,1
1679,15
1680,2
1681,14
1682,3
1683,0
1684,14
1685,2
1686,14
1687,15
1688,0
1689,14
1690,3
1691,0
1692,3
1693,2
1694,15
1695,1
1696,1
1697,14
1698,1
1699,15
1700,0
1701,0
1702,4
1703,7
1704,15
1705,0
1706,3
1707,15
1708,14
1709,3
1710,0
1711,14
1712,6
1713,15
1714,0
1715,0
1716,3
1717,15
1718,2
1719,3
1720,15
1721,0
1722,3
1723,2
1724,15
1725,0
1726,3
1727,0
1728,15
1729,0
1730,0
1731,4
1732,0
1733,15
1734,0
1735,0
1736,14
1737,15
1738,0
1739,14
1740,1
1741,14
1742,14
1743,15
1744,0
1745,3
1746,15
1747,0
1748,3
1749,0
1750,1
1751,14
1752,14
1753,15
1754,0
1755,0
1756,3
1757,2
1758,15
1759,0
1760,3
1761,1
1762,15
1763,0
1764,3
1765,1
1766,1
1767,14
1768,14
1769,15
1770,1
1771,0
1772,14
1773,15
1774,14
1775,14
1776,4
1777,0
1778,4
1779,1
1780,15
1781,0
1782,0
1783,3
1784,1
1785,14
1786,14
1787,15
1788,2
1789,14
1790,15
1791,14
1792,3
1793,2
1794,0
1795,14
1796,0
1797,2
1798,15
1799,2
1800,0
1801,4
1802,1
1803,15
1804,0
1805,14
1806,15
1807,0
1808,4
1809,15
1810,2
1811,14
1812,0
1813,14
1814,15
1815,2
1816,3
1817,15
1818,14
1819,14
1820,4
1821,3
1822,2
1823,14
1824,2
1825,15
1826,0
1827,0
1828,14
1829,15
1830,2
1831,14
1832,15
1833,14
1834,3
1835,0
1836,3
1837,1
1838,14
1839,2
1840,15
1841,0
1842,3
1843,15
1844,14
1845,3
1846,2
1847,0
1848,14
1849,2
1850,15
1851,0
1852,0
1853,3
1854,2
1855,2
1856,15
1857,0
1858,4
1859,1
1860,0
1861,14
1862,15
1863,0
1864,14
1865,0
1866,14
1867,15
1868,0
1869,0
1870,14
1871,15
1872,0
1873,0
1874,3
1875,0
1876,14
1877,15
1878,0
1879,0
1880,0
1881,0
1882,1
1883,0
1884,14
1885,15
1886,0
1887,14
1888,14
1889,4
1890,14
1891,2
1892,2
1893,15
1894,0
1895,3
1896,0
1897,14
1898,15
1899,2
1900,3
1901,15
1902,0
1903,0
1904,14
1905,2
1906,15
1907,14
1908,3
1909,0
1910,3
1911,0
1912,2
1913,14
1914,15
1915,0
1916,4
1917,1
1918,15
1919,1
1920,0
1921,14
1922,0
1923,6
1924,15
1925,0
1926,0
1927,3
1928,0
1929,1
1930,15
1931,2
1932,0
1933,4
1934,15
1935,14
1936,3
1937,0
1938,3
1939,1
1940,14
1941,1
1942,15
1943,2
1944,3
1945,15
1946,14
1947,14
1948,4
1949,3
1950,2
1951,0
1952,2
1953,15
1954,1
1955,0
1956,4
1957,2
1958,15
1959,14
1960,14
1961,4
1962,14
1963,15
1964,14
1965,15
1966,0
1967,2
1968,14
1969,15
1970,0
1971,3
1972,2
1973,15
1974,14
1975,0
1976,2
1977,15
1978,14
1979,14
1980,4
1981,14
1982,2
1983,2
1984,15
1985,0
1986,0
1987,4
1988,1
1989,15
1990,14
1991,15
1992,0
1993,3
1994,2
1995,14
1996,15
1997,0
1998,4
1999,1
2000,15
2001,14
2002,0
2003,14
2004,15
2005,0
2006,0
2007,0
2008,15
2009,0
2010,0
2011,7
2012,15
2013,2
2014,3
2015,15
2016,0
2017,3
2018,0
2019,14
2020,2
2021,15
2022,14
2023,14
2024,4
2025,0
2026,14
2027,2
2028,2
2029,15
2030,0
2031,0
2032,3
2033,15
2034,0
2035,0
2036,14
2037,1
2038,15
2039,0
2040,0
2041,3
2042,2
2043,15
2044,14
2045,4
2046,0
2047,1
2048,15
2049,14
2050,3
2051,1
2052,3
2053,0
2054,14
2055,1
2056,15
2057,14
2058,0
2059,3
2060,0
2061,14
2062,15
2063,0
2064,1
2065,3
2066,0
2067,0
2068,0
2069,15
2070,14
2071,3
2072,0
2073,0
2074,14
2075,2
2076,15
2077,0
2078,1
2079,3
2080,0
2081,0
2082,0
2083,15
2084,14
2085,3
2086,0
2087,0
2088,14
2089,2
2090,15
2091,0
2092,0
2093,14
2094,15
2095,0
2096,3
2097,0
2098,1
2099,15
2100,0
2101,2
2102,0
2103,15
2104,0
2105,14
2106,3
2107,0
2108,14
2109,1
2110,15
2111,0
2112,4
2113,0
2114,14
2115,15
2116,0
2117,2
2118,14
2119,0
2120,1
2121,15
2122,14
2123,3
2124,2
2125,14
2126,0
2127,2
2128,15
2129,0
2130,3
2131,15
2132,0
2133,14
2134,15
2135,0
2136,0
2137,14
2138,1
2139,15
2140,2
2141,14
2142,2
2143,15
2144,0
2145,0
2146,4
2147,1
2148,15
2149,2
2150,0
2151,3
2152,2
2153,15
2154,14
2155,3
2156,0
2157,14
2158,2
2159,2
2160,14
2161,15
2162,0
2163,3
2164,0
2165,15
2166,14
2167,3
2168,1
2169,1
2170,14
2171,2
2172,15
2173,14
2174,14
2175,4
2176,14
2177,2
2178,1
2179,15
2180,0
2181,0
2182,14
2183,0
2184,15
2185,0
2186,3
2187,1
2188,15
2189,14
2190,4
2191,1
2192,15
2193,0
2194,14
2195,0
2196,15
2197,0
2198,0
2199,0
2200,4
2201,1
2202,15
2203,2
2204,14
2205,15
2206,0
2207,3
2208,2
2209,15
2210,0
2211,2
2212,0
2213,15
2214,0
2215,14
2216,14
2217,4
2218,0
2219,4
2220,1
2221,15
2222,0
2223,14
2224,0
2225,15
2226,0
2227,0
2228,14
2229,15
2230,14
2231,3
2232,2
2233,0
2234,14
2235,2
2236,2
2237,15
2238,2
2239,0
2240,4
2241,15
2242,0
2243,3
2244,0
2245,14
2246,1
2247,15
2248,14
2249,14
2250,4
2251,2
2252,14
2253,1
2254,15
2255,0
2256,0
2257,3
2258,1
2259,1
2260,15
2261,0
2262,2
2263,0
2264,2
2265,0
2266,14
2267,15
2268,0
2269,3
2270,5
2271,14
2272,15
2273,2
2274,2
2275,3
2276,2
2277,2
2278,15
2279,0
2280,0
2281,2
2282,0
2283,15
2284,2
2285,2
2286,0
2287,14
2288,0
2289,2
2290,2
2291,0
2292,14
2293,15
2294,1
2295,4
2296,15
2297,0
2298,0
2299,0
2300,14
2301,15
2302,0
2303,3
2304,1
2305,15
2306,0
2307,3
2308,0
2309,0
2310,14
2311,15
2312,2
2313,14
2314,0
2315,0
2316,1
2317,15
2318,1
2319,4
2320,15
2321,0
2322,14
2323,0
2324,3
2325,15
2326,0
2327,4
2328,0
2329,2
2330,15
2331,0
2332,3
2333,2
2334,2
2335,3
2336,15
2337,2
2338,0
2339,4
2340,15
2341,14
2342,3
2343,1
2344,14
2345,0
2346,14
2347,15
2348,0
2349,3
2350,15
2351,0
2352,14
2353,0
2354,15
2355,0
2356,3
2357,0
2358,0
2359,1
2360,15
2361,0
2362,2
2363,3
2364,15
2365,0
2366,0
2367,1
2368,14
2369,14
2370,15
2371,0
2372,4
2373,1
2374,15
2375,0
2376,3
2377,0
2378,0
2379,1
2380,15
2381,0
2382,3
2383,0
2384,15
2385,0
2386,0
2387,14
2388,0
2389,2
2390,15
2391,1
2392,1
2393,0
2394,14
2395,6
2396,15
2397,0
2398,3
2399,15
2400,1
2401,3
2402,0
2403,3
2404,15
2405,0
2406,3
2407,1
2408,3
2409,15
2410,14
2411,14
2412,4
2413,0
2414,14
2415,2
2416,15
2417,2
2418,14
2419,2
2420,14
2421,2
2422,0
2423,14
2424,2
2425,15
2426,2
2427,0
2428,4
2429,1
2430,3
2431,15
2432,0
2433,3
2434,1
2435,14
2436,14
2437,15
2438,2
2439,0
2440,14
2441,15
2442,1
2443,0
2444,15
2445,0
2446,3
2447,3
2448,15
2449,0
2450,2
2451,4
2452,1
2453,15
2454,0
2455,0
2456,0
2457,15
2458,2
2459,1
2460,0
2461,14
2462,2
2463,15
2464,14
2465,3
2466,0
2467,14
2468,2
2469,14
2470,15
2471,0
2472,14
2473,3
2474,1
2475,3
2476,0
2477,1
2478,15
2479,0
2480,14
2481,15
2482,0
2483,3
2484,0
2485,1
2486,15
2487,0
2488,2
2489,3
2490,15
2491,0
2492,0
2493,1
2494,14
2495,14
2496,15
2497,0
2498,4
2499,1
2500,15
2501,0
2502,3
2503,0
2504,0
2505,1
2506,15
2507,0
2508,3
2509,0
2510,15
2511,0
2512,0
2513,14
2514,0
2515,2
2516,15
2517,1
2518,1
2519,0
2520,14
2521,6
2522,15
2523,0
2524,3
2525,15
2526,0
2527,3
2528,0
2529,1
2530,14
2531,14
2532,15
2533,2
2534,0
2535,14
2536,15
2537,0
2538,0
2539,1
2540,14
2541,14
2542,15
2543,2
2544,14
2545,15
2546,0
2547,14
2548,2
2549,15
2550,0
2551,2
2552,14
2553,15
2554,0
2555,2
2556,14
2557,0
2558,0
2559,15
2560,0
2561,3
2562,4
2563,0
2564,3
2565,15
2566,0
2567,3
2568,0
2569,0
2570,0
2571,15
2572,0
2573,2
2574,0
2575,15
2576,14
2577,3
2578,0
2579,14
2580,2
2581,0
2582,1
2583,15
2584,0
2585,0
2586,14
2587,15
2588,0
2589,2
2590,4
2591,15
2592,0
2593,0
2594,14
2595,15
2596,14
2597,3
2598,1
2599,0
2600,2
2601,14
2602,15
2603,14
2604,3
2605,1
2606,2
2607,14
2608,1
2609,15
2610,0
2611,3
2612,0
2613,15
2614,0
2615,3
2616,2
2617,15
2618,14
2619,3
2620,1
2621,3
2622,0
2623,14
2624,15
2625,0
2626,0
2627,3
2628,2
2629,15
2630,14
2631,3
2632,1
2633,2
2634,14
2635,1
2636,15
2637,0
2638,0
2639,4
2640,14
2641,15
2642,14
2643,3
2644,0
2645,3
2646,0
2647,14
2648,1
2649,15
2650,14
2651,14
2652,4
2653,14
2654,2
2655,0
2656,1
2657,15
2658,14
2659,3
2660,0
2661,3
2662,1
2663,15
2664,14
2665,4
2666,2
2667,14
2668,15
2669,14
2670,3
2671,0
2672,3
2673,0
2674,14
2675,15
2676,14
2677,4
2678,2
2679,14
2680,15
2681,0
2682,1
2683,15
2684,0
2685,3
2686,0
2687,15
2688,1
2689,0
2690,4
2691,7
2692,15
2693,0
2694,0
2695,3
2696,4
2697,15
2698,14
2699,3
2700,0
2701,3
2702,2
2703,15
2704,2
2705,3
2706,0
2707,3
2708,2
2709,15
2710,2
2711,14
2712,0
2713,14
2714,15
2715,0
2716,3
2717,15
2718,2
2719,14
2720,15
2721,14
2722,3
2723,0
2724,3
2725,0
2726,14
2727,2
2728,15
2729,14
2730,3
2731,0
2732,3
2733,1
2734,14
2735,0
2736,1
2737,15
2738,0
2739,3
2740,15
2741,14
2742,0
2743,14
2744,0
2745,2
2746,0
2747,14
2748,15
2749,0
2750,14
2751,3
2752,0
2753,4
2754,1
2755,0
2756,2
2757,4
2758,15
2759,2
2760,14
2761,0
2762,3
2763,1
2764,15
2765,0
2766,14
2767,1
2768,15
2769,1
2770,4
2771,2
2772,2
2773,15
2774,0
2775,0
2776,14
2777,15
2778,0
2779,3
2780,0
2781,0
2782,1
2783,15
2784,2
2785,14
2786,0
2787,14
2788,15
2789,0
2790,14
2791,15
2792,0
2793,0
2794,0
2795,15
2796,2
2797,14
2798,15
2799,0
2800,3
2801,0
2802,14
2803,2
2804,2
2805,15
2806,2
2807,0
2808,4
2809,1
2810,15
2811,0
2812,3
2813,1
2814,14
2815,0
2816,15
2817,2
2818,0
2819,14
2820,15
2821,0
2822,2
2823,0
2824,15
2825,0
2826,1
2827,0
2828,15
2829,0
2830,3
2831,0
2832,2
2833,1
2834,15
2835,2
2836,14
2837,3
2838,2
2839,0
2840,14
2841,2
2842,15
2843,0
2844,0
2845,0
2846,1
2847,15
2848,0
2849,14
2850,3
2851,14
2852,0
2853,2
2854,14
2855,15
2856,0
2857,3
2858,1
2859,14
2860,0
2861,15
2862,2
2863,1
2864,0
2865,2
2866,7
2867,15
2868,0
2869,1
2870,0
2871,15
2872,0
2873,14
2874,15
2875,0
2876,3
2877,0
2878,2
2879,1
2880,15
2881,2
2882,0
2883,2
2884,0
2885,15
2886,0
2887,4
2888,15
2889,0
2890,3
2891,2
2892,15
2893,14
2894,3
2895,0
2896,14
2897,2
2898,2
2899,15
2900,0
2901,0
2902,14
2903,15
2904,0
2905,0
2906,14
2907,2
2908,2
2909,15
2910,14
2911,14
2912,4
2913,3
2914,0
2915,1
2916,15
2917,0
2918,0
2919,0
2920,2
2921,0
2922,15
2923,1
2924,4
2925,15
2926,0
2927,3
2928,0
2929,15
2930,0
2931,0
2932,4
2933,15
2934,0
2935,0
2936,14
2937,15
2938,14
2939,0
2940,14
2941,0
2942,2
2943,15
2944,0
2945,0
2946,2
2947,15
2948,0
2949,2
2950,14
2951,2
2952,0
2953,14
2954,15
2955,0
2956,0
2957,3
2958,1
2959,1
2960,15
2961,2
2962,0
2963,0
2964,4
2965,2
2966,15
2967,0
2968,2
2969,14
2970,5
2971,14
2972,15
2973,2
2974,3
2975,0
2976,14
2977,15
2978,0
2979,0
2980,2
2981,2
2982,3
2983,15
2984,0
2985,0
2986,14
2987,2
2988,0
2989,0
2990,14
2991,15
2992,2
2993,2
2994,0
2995,14
2996,2
2997,15
2998,0
2999,2
3000,0
3001,15
3002,0
3003,3
3004,15
3005,0
3006,14
3007,0
3008,15
3009,0
3010,0
3011,14
3012,15
3013,0
3014,14
3015,0
3016,15
3017,0
3018,2
3019,2
3020,0
3021,14
3022,2
3023,15
3024,0
3025,2
3026,0
3027,15
3028,1
3029,2
3030,4
3031,1
3032,15
3033,0
3034,14
3035,2
3036,14
3037,0
3038,14
3039,15
3040,1
3041,4
3042,1
3043,15
3044,14
3045,0
3046,14
3047,15
3048,0
3049,1
3050,0
3051,14
3052,15
3053,0
3054,3
3055,15
3056,14
3057,3
3058,0
3059,14
3060,2
3061,0
3062,14
3063,2
3064,15
3065,0
3066,2
3067,0
3068,15
3069,0
3070,3
3071,15
3072,14
3073,14
3074,4
3075,3
3076,2
3077,15
3078,2
3079,2
3080,0
3081,14
3082,0
3083,2
3084,2
3085,15
3086,0
3087,3
3088,15
3089,14
3090,14
3091,4
3092,3
3093,1
3094,15
3095,2
3096,3
3097,0
3098,1
3099,0
3100,14
3101,15
3102,0
3103,0
3104,3
3105,2
3106,15
3107,0
3108,3
3109,15
3110,2
3111,0
3112,2
3113,14
3114,0
3115,2
3116,15
3117,0
3118,0
3119,0
3120,3
3121,15
3122,14
3123,0
3124,3
3125,2
3126,15
3127,2
3128,0
3129,4
3130,15
3131,14
3132,3
3133,0
3134,3
3135,0
3136,15
3137,0
3138,3
3139,0
3140,1
3141,15
3142,2
3143,2
3144,0
3145,15
3146,0
3147,0
3148,4
3149,14
3150,15
3151,0
3152,0
3153,14
3154,0
3155,15
3156,0
3157,14
3158,0
3159,15
3160,0
3161,3
3162,15
3163,0
3164,14
3165,15
3166,0
3167,3
3168,0
3169,0
3170,1
3171,14
3172,14
3173,15
3174,2
3175,3
3176,15
3177,14
3178,3
3179,0
3180,3
3181,0
3182,2
3183,15
3184,2
3185,2
3186,0
3187,14
3188,2
3189,15
3190,0
3191,0
3192,14
3193,15
3194,0
3195,0
3196,0
3197,15
3198,1
3199,1
3200,14
3201,2
3202,15
3203,14
3204,3
3205,1
3206,2
3207,14
3208,2
3209,15
3210,0
3211,0
3212,14
3213,15
3214,14
3215,3
3216,1
3217,3
3218,0
3219,14
3220,15
3221,0
3222,0
3223,3
3224,2
3225,15
3226,0
3227,3
3228,1
3229,3
3230,15
3231,2
3232,3
3233,15
3234,0
3235,2
3236,2
3237,15
3238,14
3239,3
3240,0
3241,14
3242,0
3243,1
3244,15
3245,0
3246,4
3247,1
3248,15
3249,0
3250,3
3251,0
3252,1
3253,15
3254,14
3255,3
3256,1
3257,3
3258,0
3259,14
3260,15
3261,0
3262,0
3263,3
3264,2
3265,15
3266,14
3267,3
3268,1
3269,2
3270,14
3271,1
3272,15
3273,0
3274,0
3275,0
3276,3
3277,2
3278,15
3279,0
3280,0
3281,3
3282,15
3283,0
3284,14
3285,0
3286,15
3287,14
3288,3
3289,1
3290,3
3291,0
3292,14
3293,15
3294,0
3295,0
3296,3
3297,2
3298,15
3299,2
3300,3
3301,1
3302,3
3303,2
3304,14
3305,15
3306,14
3307,4
3308,14
3309,15
3310,0
3311,0
3312,2
3313,14
3314,15
3315,0
3316,0
3317,4
3318,15
3319,0
3320,3
3321,0
3322,0
3323,2
3324,15
3325,2
3326,0
3327,14
3328,2
3329,14
3330,2
3331,15
3332,0
3333,2
3334,0
3335,14
3336,15
3337,0
3338,0
3339,0
3340,3
3341,15
3342,0
3343,0
3344,14
3345,15
3346,0
3347,2
3348,0
3349,15
3350,0
3351,0
3352,3
3353,0
3354,14
3355,0
3356,14
3357,15
3358,0
3359,14
3360,15
3361,0
3362,0
3363,0
3364,0
3365,15
3366,14
3367,3
3368,1
3369,0
3370,2
3371,14
3372,15
3373,14
3374,3
3375,1
3376,2
3377,14
3378,1
3379,15
3380,0
3381,0
3382,4
3383,0
3384,1
3385,15
3386,14
3387,3
3388,1
3389,3
3390,0
3391,14
3392,15
3393,0
3394,0
3395,3
3396,2
3397,15
3398,14
3399,3
3400,2
3401,3
3402,0
3403,1
3404,15
3405,0
3406,0
3407,14
3408,2
3409,14
3410,6
3411,15
3412,2
3413,0
3414,14
3415,6
3416,15
3417,0
3418,0
3419,14
3420,15
3421,0
3422,2
3423,0
3424,15
3425,14
3426,14
3427,4
3428,3
3429,2
3430,15
3431,0
3432,2
3433,3
3434,1
3435,3
3436,0
3437,14
3438,15
3439,0
3440,0
3441,3
3442,2
3443,1
3444,15
3445,14
3446,14
3447,4
3448,1
3449,15
3450,0
3451,0
3452,14
3453,0
3454,14
3455,15
3456,0
3457,2
3458,14
3459,15
3460,0
3461,3
3462,2
3463,15
3464,0
3465,2
3466,14
3467,15
3468,1
3469,14
3470,1
3471,1
3472,15
3473,0
3474,1
3475,0
3476,4
3477,2
3478,15
3479,0
3480,2
3481,0
3482,1
3483,0
3484,14
3485,15
3486,14
3487,14
3488,4
3489,1
3490,15
3491,0
3492,0
3493,14
3494,0
3495,14
3496,15
3497,0
3498,3
3499,0
3500,1
3501,14
3502,0
3503,15
3504,0
3505,0
3506,14
3507,15
3508,14
3509,3
3510,1
3511,14
3512,0
3513,14
3514,15
3515,2
3516,0
3517,14
3518,15
3519,0
3520,0
3521,1
3522,14
3523,14
3524,15
3525,0
3526,0
3527,0
3528,14
3529,15
3530,2
3531,0
3532,14
3533,6
3534,15
3535,0
3536,0
3537,14
3538,15
3539,0
3540,14
3541,15
3542,0
3543,3
3544,0
3545,14
3546,15
3547,0
3548,4
3549,15
3550,2
3551,3
3552,0
3553,1
3554,0
3555,14
3556,15
3557,14
3558,14
3559,4
3560,0
3561,14
3562,0
3563,1
3564,15
3565,0
3566,0
3567,14
3568,15
3569,0
3570,3
3571,2
3572,15
3573,14
3574,3
3575,0
3576,3
3577,2
3578,15
3579,0
3580,3
3581,0
3582,1
3583,15
3584,2
3585,3
3586,15
3587,0
3588,3
3589,2
3590,15
3591,0
3592,3
3593,0
3594,14
3595,15
3596,0
3597,0
3598,0
3599,3
3600,15
3601,2
3602,2
3603,0
3604,14
3605,0
3606,2
3607,15
3608,14
3609,3
3610,0
3611,2
3612,14
3613,2
3614,15
3615,14
3616,14
3617,4
3618,14
3619,2
3620,14
3621,15
3622,0
3623,2
3624,0
3625,1
3626,15
3627,14
3628,3
3629,0
3630,3
3631,2
3632,15
3633,2
3634,3
3635,15
3636,14
3637,3
3638,0
3639,3
3640,2
3641,15
3642,14
3643,4
3644,2
3645,14
3646,15
3647,0
3648,3
3649,1
3650,14
3651,14
3652,15
3653,2
3654,2
3655,15
3656,0
3657,2
3658,3
3659,15
3660,0
3661,3
3662,15
3663,0
3664,1
3665,3
3666,15
3667,0
3668,0
3669,14
3670,0
3671,15
3672,0
3673,4
3674,1
3675,14
3676,14
3677,15
3678,2
3679,0
3680,2
3681,0
3682,15
3683,1
3684,4
3685,15
3686,0
3687,0
3688,4
3689,0
3690,15
3691,2
3692,2
3693,15
3694,0
3695,4
3696,15
3697,14
3698,3
3699,0
3700,2
3701,14
3702,1
3703,15
3704,14
3705,3
3706,0
3707,4
3708,2
3709,15
3710,0
3711,3
3712,15
3713,1
3714,0
3715,0
3716,1
3717,14
3718,14
3719,15
3720,0
3721,0
3722,14
3723,15
3724,14
3725,3
3726,1
3727,14
3728,0
3729,14
3730,15
3731,0
3732,3
3733,5
3734,14
3735,15
3736,2
3737,0
3738,0
3739,14
3740,0
3741,2
3742,2
3743,0
3744,0
3745,3
3746,15
3747,0
3748,3
3749,0
3750,14
3751,15
3752,2
3753,1
3754,4
3755,15
3756,0
3757,0
3758,2
3759,1
3760,15
3761,2
3762,0
3763,3
3764,2
3765,15
3766,0
3767,2
3768,2
3769,3
3770,15
3771,0
3772,0
3773,14
3774,15
3775,0
3776,3
3777,15
3778,0
3779,14
3780,15
3781,0
3782,0
3783,0
3784,4
3785,1
3786,15
3787,0
3788,3
3789,15
3790,0
3791,14
3792,0
3793,15
3794,14
3795,3
3796,15
3797,0
3798,3
3799,15
3800,0
3801,0
3802,0
3803,4
3804,3
3805,15
3806,0
3807,3
3808,15
3809,0
3810,0
3811,14
3812,15
3813,0
3814,3
3815,15
3816,0
3817,3
3818,0
3819,3
3820,15
3821,0
3822,0
3823,15
3824,0
3825,0
3826,2
3827,14
3828,15
3829,0
3830,0
3831,3
3832,0
3833,3
3834,15
3835,0
3836,0
3837,3
3838,0
3839,3
3840,15
3841,0
3842,14
3843,15
3844,0
3845,2
3846,0
3847,15
3848,0
3849,0
3850,3
3851,0
3852,14
3853,15
3854,0
3855,3
3856,0
3857,15
3858,1
3859,3
3860,2
3861,2
3862,15
3863,0
3864,14
3865,5
3866,14
3867,15
3868,0
3869,3
3870,15
3871,0
3872,0
3873,0
3874,15
3875,0
3876,3
3877,15
3878,0
3879,3
3880,0
3881,0
3882,15
3883,0
3884,0
3885,0
3886,14
3887,15
3888,14
3889,3
3890,0
3891,2
3892,0
3893,1
3894,15
3895,2
3896,0
3897,4
3898,15
3899,14
3900,3
3901,1
3902,3
3903,0
3904,0
3905,0
3906,15
3907,1
3908,1
3909,14
3910,1
3911,15
3912,0
3913,3
3914,0
3915,14
3916,15
3917,0
3918,14
3919,15
3920,0
3921,0
3922,0
3923,14
3924,0
3925,3
3926,1
3927,15
3928,14
3929,14
3930,4
3931,3
3932,1
3933,15
3934,2
3935,0
3936,3
3937,2
3938,0
3939,14
3940,15
3941,0
3942,4
3943,1
3944,15
3945,0
3946,3
3947,15
3948,1
3949,2
3950,3
3951,15
3952,2
3953,2
3954,15
3955,14
3956,3
3957,1
3958,3
3959,0
3960,14
3961,15
3962,0
3963,3
3964,0
3965,3
3966,15
3967,1
3968,3
3969,2
3970,3
3971,0
3972,14
3973,0
3974,0
3975,14
3976,15
3977,2
3978,1
3979,1
3980,14
3981,2
3982,0
3983,14
3984,15
3985,1
3986,1
3987,1
3988,14
3989,2
3990,15
3991,0
3992,2
3993,0
3994,15
3995,14
3996,3
3997,0
3998,3
3999,0
4000,14
4001,15
4002,2
4003,3
4004,0
4005,14
4006,15
4007,1
4008,4
4009,15
4010,0
4011,3
4012,15
4013,0
4014,0
4015,0
4016,0
4017,3
4018,15
4019,0
4020,3
4021,0
4022,15
4023,0
4024,2
4025,0
4026,15
4027,0
4028,3
4029,15
4030,0
4031,3
4032,0
4033,3
4034,15
4035,0
4036,2
4037,4
4038,1
4039,0
4040,14
4041,15
4042,0
4043,0
4044,14
4045,0
4046,15
4047,0
4048,2
4049,14
4050,6
4051,15
4052,0
4053,14
4054,3
4055,0
4056,14
4057,0
4058,15
4059,14
4060,3
4061,1
4062,3
4063,2
4064,2
4065,15
4066,0
4067,3
4068,0
4069,0
4070,14
4071,15
4072,0
4073,2
4074,3
4075,15
4076,0
4077,0
4078,14
4079,0
4080,0
4081,15
4082,0
4083,2
4084,3
4085,0
4086,14
4087,15
4088,0
4089,3
4090,0
4091,3
4092,0
4093,15
4094,1
4095,3
4096,0
4097,5
4098,14
4099,15
4100,0
4101,2
4102,3
4103,0
4104,14
4105,15
4106,1
4107,4
4108,15
4109,0
4110,14
4111,2
4112,0
4113,1
4114,0
4115,14
4116,15
4117,0
4118,3
4119,15
4120,0
4121,0
4122,0
4123,1
4124,0
4125,14
4126,15
4127,0
4128,2
4129,3
4130,15
4131,0
4132,4
4133,1
4134,0
4135,14
4136,15
4137,0
4138,0
4139,0
4140,0
4141,14
4142,15
4143,0
4144,2
4145,3
4146,0
4147,14
4148,1
4149,0
4150,14
4151,15
4152,0
4153,0
4154,4
4155,0
4156,3
4157,15
4158,14
4159,3
4160,2
4161,0
4162,14
4163,2
4164,14
4165,15
4166,0
4167,14
4168,15
4169,0
4170,14
4171,0
4172,1
4173,15
4174,14
4175,3
4176,1
4177,0
4178,4
4179,1
4180,15
4181,0
4182,3
4183,5
4184,14
4185,15
4186,2
4187,14
4188,3
4189,2
4190,15
4191,14
4192,3
4193,0
4194,14
4195,2
4196,2
4197,15
4198,0
4199,3
4200,0
4201,15
4202,14
4203,3
4204,1
4205,0
4206,0
4207,4
4208,14
4209,15
4210,0
4211,3
4212,15
4213,0
4214,3
4215,2
4216,15
4217,14
4218,3
4219,0
4220,14
4221,2
4222,2
4223,14
4224,2
4225,15
4226,0
4227,0
4228,2
4229,0
4230,15
4231,14
4232,3
4233,1
4234,0
4235,14
4236,2
4237,15
4238,2
4239,2
4240,15
4241,2
4242,14
4243,15
4244,14
4245,3
4246,0
4247,3
4248,0
4249,2
4250,2
4251,15
4252,0
4253,0
4254,0
4255,0
4256,1
4257,15
4258,0
4259,14
4260,2
4261,1
4262,15
4263,14
4264,14
4265,4
4266,3
4267,0
4268,2
4269,15
4270,0
4271,14
4272,5
4273,14
4274,15
4275,2
4276,3
4277,0
4278,14
4279,2
4280,15
4281,14
4282,3
4283,14
4284,2
4285,1
4286,15
4287,0
4288,0
4289,14
4290,0
4291,15
4292,0
4293,2
4294,3
4295,15
4296,0
4297,2
4298,3
4299,15
4300,2
4301,14
4302,15
4303,14
4304,3
4305,0
4306,3
4307,2
4308,15
4309,0
4310,14
4311,3
4312,0
4313,3
4314,1
4315,14
4316,1
4317,15
4318,2
4319,14
4320,15
4321,0
4322,14
4323,2
4324,2
4325,15
4326,0
4327,1
4328,1
4329,0
4330,2
4331,2
4332,15
4333,14
4334,14
4335,4
4336,3
4337,2
4338,14
4339,1
4340,15
4341,0
4342,0
4343,3
4344,15
4345,0
4346,0
4347,14
4348,15
4349,0
4350,14
4351,1
4352,15
4353,2
4354,0
4355,0
4356,2
4357,15
4358,0
4359,14
4360,0
4361,15
4362,0
4363,3
4364,15
4365,0
4366,3
4367,2
4368,15
4369,2
4370,0
4371,4
4372,15
4373,2
4374,3
4375,1
4376,15
4377,0
4378,14
4379,15
4380,14
4381,3
4382,2
4383,0
4384,14
4385,1
4386,15
4387,0
4388,0
4389,14
4390,15
4391,2
4392,2
4393,15
4394,14
4395,3
4396,1
4397,0
4398,14
4399,1
4400,15
4401,2
4402,14
4403,15
4404,0
4405,3
4406,0
4407,0
4408,7
4409,15
4410,2
4411,0
4412,3
4413,15
4414,0
4415,0
4416,14
4417,15
4418,0
4419,0
4420,0
4421,0
4422,3
4423,1
4424,15
4425,0
4426,3
4427,0
4428,0
4429,15
4430,0
4431,14
4432,0
4433,15
4434,0
4435,0
4436,0
4437,1
4438,15
4439,0
4440,2
4441,14
4442,15
4443,14
4444,3
4445,1
4446,0
4447,0
4448,2
4449,0
4450,2
4451,15
4452,0
4453,14
4454,0
4455,15
4456,2
4457,15
4458,0
4459,2
4460,3
4461,15
4462,0
4463,0
4464,0
4465,1
4466,15
4467,0
4468,3
4469,0
4470,1
4471,15
4472,0
4473,0
4474,0
4475,14
4476,1
4477,15
4478,0
4479,2
4480,14
4481,0
4482,15
4483,0
4484,1
4485,3
4486,0
4487,2
4488,2
4489,15
4490,14
4491,3
4492,1
4493,3
4494,2
4495,1
4496,15
4497,0
4498,4
4499,15
4500,0
4501,15
4502,0
4503,0
4504,3
4505,1
4506,15
4507,0
4508,14
4509,15
4510,0
4511,2
4512,3
4513,15
4514,0
4515,3
4516,0
4517,0
4518,1
4519,15
4520,0
4521,0
4522,3
4523,2
4524,15
4525,0
4526,3
4527,15
4528,0
4529,2
4530,3
4531,15
4532,2
4533,14
4534,15
4535,14
4536,3
4537,0
4538,3
4539,2
4540,15
4541,0
4542,0
4543,2
4544,4
4545,15
4546,0
4547,3
4548,15
4549,1
4550,0
4551,14
4552,2
4553,2
4554,15
4555,0
4556,2
4557,14
4558,0
4559,15
4560,0
4561,3
4562,15
4563,1
4564,0
4565,14
4566,2
4567,2
4568,15
4569,0
4570,0
4571,0
4572,0
4573,15
4574,14
4575,14
4576,4
4577,0
4578,14
4579,0
4580,2
4581,15
4582,0
4583,0
4584,14
4585,15
4586,1
4587,14
4588,2
4589,2
4590,15
4591,14
4592,3
4593,0
4594,3
4595,2
4596,15
4597,0
4598,0
4599,3
4600,1
4601,15
4602,0
4603,14
4604,15
4605,0
4606,15
4607,14
4608,15
4609,0
4610,1
4611,0
4612,14
4613,1
4614,15
4615,1
4616,0
4617,15
4618,0
4619,0
4620,3
4621,0
4622,15
4623,2
4624,14
4625,15
4626,1
4627,3
4628,2
4629,7
4630,15
4631,14
4632,3
4633,15
4634,0
4635,3
4636,15
4637,0
4638,0
4639,4
4640,15
4641,2
4642,2
4643,15
4644,0
4645,3
4646,5
4647,14
4648,15
4649,0
4650,0
4651,14
4652,1
4653,15
4654,14
4655,3
4656,1
4657,15
4658,14
4659,3
4660,1
4661,3
4662,2
4663,2
4664,15
4665,14
4666,3
4667,0
4668,14
4669,5
4670,14
4671,15
4672,0
4673,0
4674,3
4675,1
4676,15
4677,0
4678,3
4679,0
4680,1
4681,15
4682,0
4683,15
4684,14
4685,15
4686,14
4687,15
4688,0
4689,2
4690,3
4691,15
4692,0
4693,2
4694,0
4695,15
4696,0
4697,3
4698,0
4699,15
4700,0
4701,14
4702,3
4703,2
4704,3
4705,0
4706,14
4707,0
4708,15
4709,0
4710,0
4711,3
4712,2
4713,15
4714,0
4715,0
4716,3
4717,15
4718,0
4719,3
4720,0
4721,1
4722,15
4723,14
4724,0
4725,14
4726,0
4727,3
4728,1
4729,15
4730,2
4731,14
4732,0
4733,14
4734,15
4735,0
4736,0
4737,14
4738,1
4739,15
4740,2
4741,14
4742,2
4743,15
4744,0
4745,0
4746,14
4747,0
4748,0
4749,14
4750,6
4751,15
4752,14
4753,0
4754,3
4755,1
4756,1
4757,15
4758,0
4759,0
4760,14
4761,14
4762,4
4763,14
4764,2
4765,2
4766,15
4767,0
4768,0
4769,3
4770,0
4771,15
4772,0
4773,3
4774,1
4775,1
4776,15
4777,0
4778,0
4779,14
4780,0
4781,14
4782,15
4783,2
4784,2
4785,3
4786,2
4787,15
4788,0
4789,3
4790,2
4791,1
4792,3
4793,0
4794,14
4795,3
4796,0
4797,3
4798,1
4799,14
4800,2
4801,15
4802,2
4803,3
4804,0
4805,3
4806,2
4807,15
4808,14
4809,3
4810,1
4811,3
4812,2
4813,14
4814,2
4815,0
4816,0
4817,15
4818,2
4819,0
4820,3
4821,2
4822,15
4823,2
4824,0
4825,3
4826,0
4827,14
4828,15
4829,0
4830,2
4831,3
4832,0
4833,15
4834,0
4835,0
4836,0
4837,15
4838,0
4839,3
4840,5
4841,14
4842,15
4843,2
4844,1
4845,1
4846,14
4847,2
4848,15
4849,14
4850,3
4851,0
4852,3
4853,2
4854,0
4855,2
4856,15
4857,0
4858,0
4859,3
4860,0
4861,15
4862,0
4863,3
4864,0
4865,15
4866,0
4867,3
4868,7
4869,15
4870,0
4871,4
4872,14
4873,15
4874,0
4875,1
4876,14
4877,0
4878,15
4879,0
4880,3
4881,1
4882,15
4883,1
4884,3
4885,0
4886,0
4887,7
4888,15
4889,0
4890,3
4891,1
4892,1
4893,15
4894,2
4895,0
4896,3
4897,15
4898,0
4899,3
4900,0
4901,3
4902,1
4903,15
4904,0
4905,2
4906,0
4907,15
4908,0
4909,0
4910,14
4911,2
4912,6
4913,15
4914,0
4915,0
4916,14
4917,2
4918,15
4919,0
4920,3
4921,1
4922,1
4923,15
4924,0
4925,3
4926,2
4927,15
4928,14
4929,14
4930,4
4931,4
4932,15
4933,2
4934,14
4935,3
4936,0
4937,14
4938,2
4939,2
4940,0
4941,14
4942,2
4943,15
4944,14
4945,3
4946,0
4947,14
4948,2
4949,0
4950,0
4951,14
4952,1
4953,15
4954,2
4955,14
4956,3
4957,0
4958,3
4959,2
4960,15
4961,0
4962,3
4963,3
4964,15
4965,14
4966,3
4967,1
4968,3
4969,0
4970,14
4971,15
4972,1
4973,3
4974,0
4975,1
4976,15
4977,0
4978,14
4979,0
4980,1
4981,15
4982,2
4983,14
4984,15
4985,14
4986,3
4987,0
4988,14
4989,1
4990,14
4991,2
4992,15
4993,0
4994,0
4995,3
4996,15
4997,0
4998,0
4999,0
5000,15
5001,14
5002,3
5003,1
5004,3
5005,2
5006,14
5007,2
5008,14
5009,15
5010,0
5011,14
5012,2
5013,1
5014,15
5015,14
5016,3
5017,0
5018,14
5019,2
5020,3
5021,0
5022,14
5023,2
5024,15
5025,2
5026,0
5027,3
5028,2
5029,2
5030,15
5031,0
5032,3
5033,0
5034,0
5035,3
5036,15
5037,1
5038,0
5039,0
5040,0
5041,5
5042,15
5043,0
5044,0
5045,14
5046,0
5047,3
5048,0
5049,14
5050,0
5051,14
5052,15
5053,2
5054,0
5055,0
5056,4
5057,2
5058,15
5059,14
5060,3
5061,0
5062,3
5063,0
5064,14
5065,2
5066,15
5067,0
5068,14
5069,3
5070,0
5071,3
5072,0
5073,14
5074,0
5075,14
5076,15
5077,0
5078,3
5079,1
5080,1
5081,15
5082,0
5083,1
5084,0
5085,15
5086,0
5087,3
5088,15
5089,14
5090,3
5091,0
5092,3
5093,1
5094,15
5095,2
5096,14
5097,3
5098,1
5099,3
5100,0
5101,14
5102,15
5103,14
5104,14
5105,4
5106,14
5107,2
5108,14
5109,15
5110,14
5111,4
5112,2
5113,14
5114,15
5115,1
5116,0
5117,15
5118,14
5119,3
5120,0
5121,3
5122,1
5123,15
5124,14
5125,3
5126,0
5127,3
5128,1
5129,14
5130,1
5131,15
5132,0
5133,0
5134,14
5135,15
5136,0
5137,2
5138,14
5139,6
5140,15
5141,0
5142,2
5143,14
5144,2
5145,2
5146,15
5147,0
5148,2
5149,14
5150,0
5151,2
5152,2
5153,15
5154,1
5155,3
5156,0
5157,1
5158,15
5159,0
5160,3
5161,1
5162,1
5163,15
5164,1
5165,0
5166,14
5167,2
5168,0
5169,6
5170,15
5171,0
5172,3
5173,2
5174,15
5175,2
5176,0
5177,14
5178,7
5179,15
5180,0
5181,0
5182,3
5183,1
5184,1
5185,15
5186,1
5187,0
5188,14
5189,0
5190,0
5191,6
5192,15
5193,0
5194,14
5195,0
5196,15
5197,2
5198,0
5199,14
5200,2
5201,15
5202,14
5203,3
5204,15
5205,14
5206,3
5207,1
5208,0
5209,14
5210,0
5211,0
5212,1
5213,15
5214,0
5215,14
5216,15
5217,0
5218,0
5219,4
5220,1
5221,15
5222,0
5223,0
5224,14
5225,15
5226,14
5227,3
5228,0
5229,3
5230,2
5231,15
5232,0
5233,0
5234,14
5235,0
5236,15
5237,14
5238,3
5239,1
5240,0
5241,14
5242,2
5243,1
5244,15
5245,0
5246,0
5247,0
5248,15
5249,0
5250,0
5251,0
5252,4
5253,2
5254,15
5255,14
5256,3
5257,1
5258,0
5259,14
5260,0
5261,0
5262,2
5263,15
5264,0
5265,0
5266,3
5267,15
5268,0
5269,3
5270,0
5271,3
5272,15
5273,0
5274,0
5275,14
5276,2
5277,2
5278,15
5279,0
5280,0
5281,14
5282,15
5283,0
5284,3
5285,2
5286,15
5287,1
5288,0
5289,14
5290,2
5291,15
5292,0
5293,3
5294,15
5295,1
5296,14
5297,15
5298,1
5299,0
5300,14
5301,0
5302,0
5303,6
5304,15
5305,0
5306,3
5307,0
5308,14
5309,15
5310,14
5311,3
5312,15
5313,0
5314,3
5315,0
5316,0
5317,15
5318,0
5319,2
5320,4
5321,14
5322,15
5323,0
5324,0
5325,14
5326,15
5327,0
5328,0
5329,1
5330,15
5331,0
5332,3
5333,2
5334,14
5335,1
5336,1
5337,15
5338,0
5339,3
5340,15
5341,14
5342,3
5343,0
5344,3
5345,2
5346,15
5347,0
5348,14
5349,15
5350,14
5351,3
5352,0
5353,3
5354,1
5355,15
5356,2
5357,3
5358,1
5359,15
5360,0
5361,3
5362,0
5363,0
5364,15
5365,0
5366,3
5367,0
5368,15
5369,14
5370,14
5371,4
5372,3
5373,0
5374,14
5375,2
5376,15
5377,0
5378,3
5379,0
5380,15
5381,14
5382,3
5383,2
5384,3
5385,0
5386,2
5387,15
5388,14
5389,3
5390,0
5391,14
5392,0
5393,14
5394,6
5395,15
5396,0
5397,2
5398,14
5399,2
5400,2
5401,15
5402,0
5403,0
5404,3
5405,2
5406,15
5407,14
5408,3
5409,0
5410,14
5411,2
5412,0
5413,14
5414,2
5415,15
5416,2
5417,14
5418,2
5419,14
5420,3
5421,2
5422,14
5423,0
5424,14
5425,2
5426,15
5427,0
5428,0
5429,4
5430,2
5431,15
5432,0
5433,3
5434,0
5435,1
5436,15
5437,0
5438,2
5439,3
5440,15
5441,0
5442,3
5443,0
5444,14
5445,15
5446,2
5447,0
5448,3
5449,2
5450,15
5451,2
5452,14
5453,15
5454,14
5455,3
5456,0
5457,3
5458,2
5459,15
5460,14
5461,3
5462,1
5463,15
5464,2
5465,3
5466,2
5467,15
5468,0
5469,0
5470,3
5471,15
5472,0
5473,3
5474,0
5475,15
5476,0
5477,14
5478,0
5479,6
5480,15
5481,0
5482,14
5483,2
5484,6
5485,15
5486,0
5487,14
5488,15
5489,2
5490,0
5491,4
5492,1
5493,15
5494,0
5495,3
5496,0
5497,15
5498,0
5499,3
5500,1
5501,1
5502,15
5503,0
5504,0
5505,3
5506,15
5507,0
5508,3
5509,2
5510,2
5511,15
5512,0
5513,3
5514,15
5515,0
5516,3
5517,15
5518,14
5519,3
5520,1
5521,3
5522,4
5523,2
5524,0
5525,2
5526,0
5527,15
5528,0
5529,3
5530,15
5531,14
5532,3
5533,0
5534,2
5535,0
5536,1
5537,15
5538,1
5539,3
5540,0
5541,0
5542,6
5543,15
5544,0
5545,0
5546,3
5547,1
5548,1
5549,15
5550,2
5551,0
5552,14
5553,15
5554,0
5555,0
5556,4
5557,3
5558,1
5559,15
5560,0
5561,3
5562,15
5563,1
5564,4
5565,15
5566,2
5567,3
5568,15
5569,14
5570,14
5571,4
5572,14
5573,0
5574,2
5575,15
5576,0
5577,14
5578,14
5579,4
5580,3
5581,0
5582,1
5583,15
5584,1
5585,0
5586,0
5587,4
5588,6
5589,15
5590,2
5591,2
5592,15
5593,0
5594,0
5595,3
5596,1
5597,1
5598,15
5599,2
5600,1
5601,3
5602,15
5603,0
5604,0
5605,7
5606,15
5607,0
5608,3
5609,15
5610,0
5611,14
5612,2
5613,6
5614,15
5615,0
5616,1
5617,15
5618,0
5619,3
5620,0
5621,1
5622,15
5623,2
5624,0
5625,14
5626,0
5627,1
5628,15
5629,14
5630,3
5631,1
5632,3
5633,2
5634,14
5635,15
5636,0
5637,2
5638,0
5639,14
5640,15
5641,0
5642,3
5643,0
5644,14
5645,15
5646,2
5647,0
5648,14
5649,15
5650,1
5651,0
5652,4
5653,1
5654,15
5655,0
5656,0
5657,14
5658,15
5659,14
5660,3
5661,0
5662,14
5663,1
5664,15
5665,0
5666,3
5667,15
5668,1
5669,4
5670,15
5671,0
5672,14
5673,0
5674,15
5675,0
5676,2
5677,0
5678,15
5679,2
5680,2
5681,15
5682,0
5683,2
5684,3
5685,15
5686,0
5687,3
5688,0
5689,0
5690,15
5691,0
5692,0
5693,14
5694,0
5695,15
5696,0
5697,3
5698,0
5699,3
5700,3
5701,15
5702,2
5703,0
5704,14
5705,15
5706,1
5707,0
5708,4
5709,1
5710,15
5711,0
5712,0
5713,3
5714,15
5715,0
5716,2
5717,4
5718,15
5719,1
5720,4
5721,15
5722,0
5723,0
5724,2
5725,15
5726,0
5727,3
5728,15
5729,0
5730,3
5731,0
5732,1
5733,15
5734,2
5735,14
5736,14
5737,4
5738,0
5739,2
5740,15
5741,14
5742,3
5743,0
5744,3
5745,0
5746,14
5747,15
5748,0
5749,14
5750,0
5751,15
5752,14
5753,3
5754,1
5755,15
5756,14
5757,14
5758,4
5759,3
5760,0
5761,2
5762,15
5763,14
5764,14
5765,4
5766,14
5767,2
5768,2
5769,15
5770,14
5771,3
5772,1
5773,1
5774,14
5775,1
5776,15
5777,0
5778,0
5779,0
5780,3
5781,15
5782,0
5783,0
5784,3
5785,2
5786,15
5787,14
5788,14
5789,4
5790,3
5791,2
5792,4
5793,15
5794,0
5795,1
5796,0
5797,15
5798,0
5799,14
5800,2
5801,6
5802,15
5803,14
5804,15
5805,14
5806,15
5807,0
5808,0
5809,3
5810,1
5811,1
5812,15
5813,0
5814,0
5815,0
5816,14
5817,15
5818,0
5819,3
5820,1
5821,1
5822,15
5823,0
5824,3
5825,2
5826,15
5827,14
5828,14
5829,4
5830,2
5831,15
5832,0
5833,0
5834,14
5835,0
5836,14
5837,2
5838,2
5839,15
5840,0
5841,14
5842,2
5843,6
5844,3
5845,0
5846,3
5847,2
5848,2
5849,15
5850,1
5851,0
5852,14
5853,0
5854,0
5855,6
5856,15
5857,0
5858,0
5859,3
5860,0
5861,1
5862,15
5863,14
5864,3
5865,2
5866,0
5867,14
5868,1
5869,15
5870,2
5871,3
5872,15
5873,0
5874,2
5875,14
5876,2
5877,15
5878,14
5879,3
5880,0
5881,14
5882,2
5883,2
5884,15
5885,0
5886,0
5887,3
5888,2
5889,14
5890,1
5891,15
5892,14
5893,3
5894,0
5895,14
5896,2
5897,14
5898,15
5899,0
5900,3
5901,15
5902,1
5903,0
5904,0
5905,1
5906,0
5907,14
5908,15
5909,0
5910,0
5911,3
5912,0
5913,1
5914,15
5915,14
5916,3
5917,2
5918,0
5919,14
5920,1
5921,15
5922,2
5923,3
5924,15
5925,14
5926,3
5927,1
5928,3
5929,0
5930,2
5931,15
5932,0
5933,3
5934,15
5935,0
5936,3
5937,0
5938,1
5939,0
5940,14
5941,15
5942,2
5943,0
5944,0
5945,0
5946,2
5947,15
5948,2
5949,3
5950,15
5951,0
5952,3
5953,2
5954,15
5955,14
5956,3
5957,0
5958,14
5959,2
5960,15
5961,0
5962,2
5963,3
5964,15
5965,0
5966,3
5967,15
5968,0
5969,0
5970,0
5971,4
5972,3
5973,15
5974,2
5975,3
5976,15
5977,0
5978,2
5979,0
5980,15
5981,0
5982,0
5983,3
5984,15
5985,0
5986,2
5987,3
5988,15
5989,0
5990,3
5991,15
5992,1
5993,3
5994,0
5995,3
5996,15
5997,0
5998,2
5999,0
6000,15
6001,0
6002,14
6003,0
6004,0
6005,14
6006,15
6007,0
6008,0
6009,0
6010,0
6011,15
6012,2
6013,3
6014,15
6015,0
6016,0
6017,2
6018,0
6019,14
6020,15
6021,0
6022,0
6023,14
6024,0
6025,15
6026,14
6027,14
6028,4
6029,0
6030,2
6031,15
6032,14
6033,3
6034,1
6035,3
6036,0
6037,3
6038,0
6039,1
6040,15
6041,0
6042,0
6043,3
6044,0
6045,15
6046,0
6047,14
6048,2
6049,14
6050,15
6051,14
6052,14
6053,4
6054,0
6055,2
6056,15
6057,2
6058,0
6059,14
6060,2
6061,2
6062,0
6063,14
6064,15
6065,1
6066,4
6067,15
6068,1
6069,3
6070,0
6071,2
6072,0
6073,15
6074,0
6075,3
6076,0
6077,1
6078,15
6079,14
6080,3
6081,2
6082,0
6083,14
6084,1
6085,15
6086,2
6087,3
6088,15
6089,14
6090,3
6091,1
6092,3
6093,0
6094,2
6095,14
6096,0
6097,0
6098,3
6099,0
6100,1
6101,15
6102,14
6103,3
6104,1
6105,15
6106,0
6107,2
6108,14
6109,6
6110,15
6111,0
6112,0
6113,14
6114,0
6115,6
6116,3
6117,15
6118,0
6119,3
6120,15
6121,0
6122,3
6123,0
6124,0
6125,15
6126,14
6127,0
6128,3
6129,2
6130,15
6131,0
6132,0
6133,14
6134,1
6135,3
6136,15
6137,0
6138,0
6139,2
6140,0
6141,15
6142,1
6143,4
6144,15
6145,0
6146,0
6147,0
6148,0
6149,0
6150,14
6151,15
6152,0
6153,14
6154,0
6155,15
6156,1
6157,1
6158,1
6159,14
6160,2
6161,15
6162,0
6163,3
6164,15
6165,0
6166,3
6167,0
6168,0
6169,0
6170,15
6171,0
6172,14
6173,15
6174,0
6175,2
6176,0
6177,15
6178,0
6179,1
6180,3
6181,0
6182,15
6183,0
6184,0
6185,0
6186,0
6187,15
6188,2
6189,14
6190,14
6191,4
6192,3
6193,2
6194,15
6195,0
6196,3
6197,1
6198,15
6199,0
6200,1
6201,14
6202,0
6203,14
6204,15
6205,14
6206,15
6207,14
6208,0
6209,0
6210,0
6211,14
6212,15
6213,14
6214,3
6215,1
6216,15
6217,0
6218,3
6219,1
6220,14
6221,2
6222,15
6223,0
6224,4
6225,0
6226,0
6227,14
6228,15
6229,0
6230,3
6231,0
6232,14
6233,1
6234,15
6235,3
6236,1
6237,15
6238,1
6239,0
6240,2
6241,15
6242,3
6243,2
6244,15
6245,0
6246,14
6247,2
6248,7
6249,15
6250,0
6251,4
6252,0
6253,0
6254,14
6255,15
6256,0
6257,0
6258,14
6259,0
6260,1
6261,15
6262,3
6263,1
6264,15
6265,0
6266,3
6267,2
6268,15
6269,1
6270,4
6271,15
6272,0
6273,2
6274,0
6275,15
6276,2
6277,2
6278,3
6279,0
6280,14
6281,2
6282,2
6283,15
6284,2
6285,3
6286,2
6287,1
6288,15
6289,0
6290,4
6291,0
6292,0
6293,14
6294,15
6295,14
6296,14
6297,4
6298,0
6299,14
6300,1
6301,15
6302,14
6303,3
6304,1
6305,0
6306,14
6307,2
6308,14
6309,15
6310,0
6311,4
6312,0
6313,0
6314,14
6315,15
6316,0
6317,0
6318,0
6319,15
6320,3
6321,1
6322,15
6323,1
6324,14
6325,0
6326,14
6327,15
6328,0
6329,4
6330,0
6331,0
6332,14
6333,15
6334,0
6335,0
6336,3
6337,0
6338,15
6339,0
6340,4
6341,0
6342,2
6343,14
6344,15
6345,0
6346,0
6347,14
6348,0
6349,0
6350,15
6351,3
6352,1
6353,15
6354,0
6355,3
6356,2
6357,15
6358,1
6359,4
6360,15
6361,0
6362,2
6363,0
6364,15
6365,2
6366,2
6367,3
6368,0
6369,14
6370,2
6371,2
6372,15
6373,2
6374,3
6375,2
6376,2
6377,0
6378,3
6379,0
6380,0
6381,3
6382,0
6383,2
6384,14
6385,15
6386,2
6387,3
6388,15
6389,0
6390,3
6391,0
6392,15
6393,2
6394,0
6395,2
6396,15
6397,14
6398,0
6399,0
6400,14
6401,15
6402,0
6403,0
6404,3
6405,0
6406,3
6407,0
6408,2
6409,14
6410,15
6411,2
6412,14
6413,15
6414,0
6415,3
6416,2
6417,15
6418,2
6419,0
6420,0
6421,14
6422,0
6423,15
6424,0
6425,3
6426,0
6427,1
6428,0
6429,0
6430,0
6431,0
6432,14
6433,15
6434,0
6435,0
6436,3
6437,0
6438,15
6439,0
6440,3
6441,15
6442,1
6443,3
6444,0
6445,2
6446,15
6447,3
6448,2
6449,15
6450,2
6451,0
6452,0
6453,14
6454,2
6455,15
6456,0
6457,3
6458,3
6459,15
6460,0
6461,0
6462,0
6463,0
6464,3
6465,15
6466,0
6467,0
6468,14
6469,15
6470,1
6471,3
6472,0
6473,2
6474,15
6475,1
6476,4
6477,15
6478,0
6479,0
6480,2
6481,2
6482,15
6483,0
6484,4
6485,14
6486,15
6487,1
6488,3
6489,0
6490,3
6491,15
6492,0
6493,0
6494,0
6495,3
6496,3
6497,15
6498,0
6499,1
6500,3
6501,0
6502,0
6503,1
6504,15
6505,14
6506,3
6507,15
6508,0
6509,4
6510,15
6511,2
6512,0
6513,14
6514,2
6515,15
6516,14
6517,3
6518,0
6519,3
6520,2
6521,15
6522,0
6523,0
6524,4
6525,1
6526,15
6527,14
6528,3
6529,1
6530,0
6531,0
6532,0
6533,1
6534,15
6535,0
6536,14
6537,3
6538,0
6539,3
6540,2
6541,15
6542,0
6543,14
6544,3
6545,0
6546,3
6547,0
6548,14
6549,2
6550,15
6551,0
6552,0
6553,0
6554,0
6555,3
6556,2
6557,14
6558,15
6559,14
6560,3
6561,0
6562,3
6563,1
6564,15
6565,2
6566,0
6567,14
6568,6
6569,15
6570,0
6571,0
6572,14
6573,15
6574,0
6575,4
6576,1
6577,0
6578,14
6579,15
6580,0
6581,0
6582,6
6583,15
6584,0
6585,0
6586,0
6587,0
6588,2
6589,14
6590,15
6591,14
6592,14
6593,4
6594,0
6595,14
6596,1
6597,15
6598,0
6599,0
6600,14
6601,15
6602,14
6603,14
6604,4
6605,14
6606,2
6607,2
6608,15
6609,0
6610,2
6611,14
6612,0
6613,15
6614,1
6615,3
6616,0
6617,1
6618,15
6619,14
6620,3
6621,1
6622,0
6623,4
6624,1
6625,4
6626,15
6627,2
6628,0
6629,14
6630,7
6631,15
6632,2
6633,0
6634,14
6635,15
6636,0
6637,3
6638,0
6639,0
6640,1
6641,15
6642,2
6643,3
6644,15
6645,0
6646,14
6647,7
6648,15
6649,1
6650,0
6651,15
6652,2
6653,3
6654,1
6655,0
6656,14
6657,2
6658,15
6659,14
6660,0
6661,3
6662,15
6663,0
6664,2
6665,0
6666,14
6667,15
6668,0
6669,14
6670,0
6671,15
6672,0
6673,0
6674,2
6675,0
6676,15
6677,0
6678,14
6679,15
6680,0
6681,3
6682,0
6683,1
6684,15
6685,1
6686,3
6687,0
6688,14
6689,15
6690,0
6691,3
6692,1
6693,1
6694,15
6695,0
6696,0
6697,3
6698,0
6699,1
6700,15
6701,1
6702,3
6703,0
6704,0
6705,0
6706,15
6707,14
6708,15
6709,14
6710,15
6711,0
6712,2
6713,0
6714,14
6715,0
6716,1
6717,15
6718,14
6719,3
6720,0
6721,3
6722,2
6723,15
6724,14
6725,3
6726,2
6727,0
6728,14
6729,1
6730,15
6731,2
6732,0
6733,3
6734,2
6735,15
6736,14
6737,3
6738,1
6739,3
6740,0
6741,2
6742,15
6743,0
6744,0
6745,0
6746,0
6747,14
6748,15
6749,1
6750,0
6751,14
6752,1
6753,15
6754,2
6755,3
6756,1
6757,3
6758,2
6759,0
6760,2
6761,15
6762,0
6763,0
6764,0
6765,14
6766,15
6767,0
6768,3
6769,0
6770,0
6771,14
6772,15
6773,0
6774,0
6775,0
6776,14
6777,15
6778,0
6779,0
6780,0
6781,0
6782,14
6783,15
6784,0
6785,0
6786,0
6787,2
6788,14
6789,0
6790,14
6791,1
6792,15
6793,14
6794,3
6795,0
6796,3
6797,14
6798,0
6799,14
6800,2
6801,15
6802,1
6803,0
6804,14
6805,0
6806,0
6807,14
6808,0
6809,15
6810,0
6811,0
6812,0
6813,15
6814,14
6815,14
6816,4
6817,3
6818,0
6819,3
6820,2
6821,15
6822,0
6823,3
6824,0
6825,1
6826,15
6827,0
6828,0
6829,3
6830,0
6831,15
6832,14
6833,3
6834,0
6835,3
6836,2
6837,0
6838,2
6839,15
6840,14
6841,15
6842,14
6843,14
6844,0
6845,14
6846,0
6847,1
6848,15
6849,0
6850,2
6851,3
6852,15
6853,0
6854,0
6855,14
6856,0
6857,14
6858,15
6859,0
6860,3
6861,15
6862,0
6863,3
6864,2
6865,2
6866,15
6867,0
6868,0
6869,0
6870,0
6871,0
6872,1
6873,15
6874,0
6875,14
6876,0
6877,15
6878,0
6879,0
6880,14
6881,15
6882,2
6883,0
6884,4
6885,0
6886,14
6887,15
6888,0
6889,14
6890,2
6891,0
6892,6
6893,15
6894,0
6895,0
6896,1
6897,15
6898,0
6899,0
6900,3
6901,0
6902,14
6903,15
6904,0
6905,3
6906,0
6907,15
6908,0
6909,3
6910,0
6911,1
6912,15
6913,0
6914,2
6915,3
6916,15
6917,1
6918,3
6919,2
6920,0
6921,0
6922,14
6923,15
6924,2
6925,14
6926,15
6927,14
6928,14
6929,4
6930,2
6931,14
6932,15
6933,0
6934,14
6935,3
6936,0
6937,3
6938,1
6939,15
6940,0
6941,1
6942,15
6943,0
6944,2
6945,3
6946,15
6947,0
6948,3
6949,15
6950,0
6951,3
6952,1
6953,15
6954,0
6955,0
6956,3
6957,15
6958,1
6959,3
6960,2
6961,3
6962,15
6963,0
6964,0
6965,0
6966,0
6967,3
6968,1
6969,15
6970,14
6971,3
6972,15
6973,0
6974,14
6975,0
6976,15
6977,2
6978,0
6979,14
6980,2
6981,15
6982,14
6983,3
6984,0
6985,3
6986,2
6987,15
6988,0
6989,1
6990,0
6991,15
6992,0
6993,0
6994,14
6995,15
6996,0
6997,0
6998,0
6999,3
7000,0
7001,14
7002,15
7003,0
7004,3
7005,0
7006,15
7007,0
7008,3
7009,0
7010,1
7011,15
7012,0
7013,2
7014,4
7015,14
7016,15
7017,0
7018,1
7019,0
7020,15
7021,0
7022,1
7023,15
7024,14
7025,0
7026,14
7027,15
7028,14
7029,2
7030,2
7031,15
7032,0
7033,14
7034,15
7035,2
7036,14
7037,15
7038,14
7039,3
7040,1
7041,0
7042,14
7043,0
7044,14
7045,15
7046,0
7047,0
7048,14
7049,1
7050,0
7051,14
7052,15
7053,0
7054,1
7055,14
7056,0
7057,15
7058,0
7059,0
7060,1
7061,14
7062,0
7063,14
7064,15
7065,2
7066,14
7067,15
7068,14
7069,3
7070,1
7071,0
7072,14
7073,0
7074,14
7075,15
7076,0
7077,14
7078,15
7079,2
7080,0
7081,3
7082,15
7083,2
7084,2
7085,3
7086,0
7087,14
7088,2
7089,0
7090,14
7091,15
7092,0
7093,2
7094,4
7095,0
7096,14
7097,15
7098,0
7099,3
7100,0
7101,1
7102,15
7103,14
7104,3
7105,0
7106,4
7107,2
7108,15
7109,0
7110,3
7111,15
7112,0
7113,0
7114,0
7115,15
7116,14
7117,3
7118,2
7119,0
7120,0
7121,15
7122,2
7123,14
7124,15
7125,0
7126,3
7127,2
7128,15
7129,0
7130,2
7131,14
7132,0
7133,14
7134,15
7135,0
7136,0
7137,0
7138,14
7139,15
7140,14
7141,3
7142,0
7143,15
7144,0
7145,2
7146,0
7147,15
7148,2
7149,14
7150,15
7151,14
7152,3
7153,2
7154,0
7155,2
7156,15
7157,0
7158,3
7159,2
7160,0
7161,14
7162,15
7163,0
7164,3
7165,0
7166,0
7167,14
7168,15
7169,2
7170,3
7171,15
7172,1
7173,4
7174,2
7175,15
7176,0
7177,0
7178,14
7179,2
7180,15
7181,0
7182,0
7183,14
7184,15
7185,1
7186,3
7187,0
7188,3
7189,2
7190,15
7191,2
7192,0
7193,2
7194,15
7195,1
7196,4
7197,15
7198,0
7199,14
7200,0
7201,15
7202,0
7203,3
7204,15
7205,0
7206,3
7207,0
7208,2
7209,15
7210,0
7211,0
7212,2
7213,0
7214,0
7215,15
7216,0
7217,0
7218,14
7219,0
7220,3
7221,15
7222,0
7223,0
7224,2
7225,14
7226,15
7227,0
7228,4
7229,15
7230,0
7231,0
7232,14
7233,15
7234,0
7235,2
7236,0
7237,2
7238,2
7239,15
7240,1
7241,0
7242,4
7243,0
7244,15
7245,0
7246,0
7247,14
7248,2
7249,0
7250,14
7251,15
7252,0
7253,14
7254,3
7255,0
7256,3
7257,0
7258,1
7259,15
7260,0
7261,3
7262,0
7263,1
7264,14
7265,0
7266,15
7267,0
7268,2
7269,0
7270,15
7271,0
7272,0
7273,3
7274,15
7275,1
7276,3
7277,0
7278,3
7279,0
7280,14
7281,15
7282,2
7283,3
7284,15
7285,14
7286,14
7287,4
7288,3
7289,0
7290,14
7291,15
7292,2
7293,0
7294,2
7295,0
7296,15
7297,0
7298,14
7299,2
7300,7
7301,15
7302,0
7303,1
7304,3
7305,15
7306,2
7307,14
7308,15
7309,0
7310,0
7311,0
7312,2
7313,15
7314,0
7315,14
7316,2
7317,0
7318,2
7319,15
7320,0
7321,0
7322,3
7323,15
7324,0
7325,1
7326,14
7327,1
7328,15
7329,0
7330,3
7331,0
7332,14
7333,15
7334,14
7335,3
7336,1
7337,3
7338,0
7339,1
7340,15
7341,2
7342,0
7343,2
7344,0
7345,15
7346,0
7347,3
7348,2
7349,15
7350,0
7351,3
7352,1
7353,14
7354,0
7355,0
7356,15
7357,2
7358,14
7359,4
7360,2
7361,14
7362,15
7363,14
7364,14
7365,4
7366,3
7367,0
7368,14
7369,2
7370,14
7371,15
7372,14
7373,3
7374,1
7375,0
7376,14
7377,1
7378,15
7379,0
7380,0
7381,0
7382,15
7383,14
7384,3
7385,0
7386,3
7387,1
7388,15
7389,14
7390,14
7391,4
7392,14
7393,2
7394,1
7395,15
7396,0
7397,14
7398,14
7399,4
7400,0
7401,14
7402,1
7403,14
7404,2
7405,15
7406,0
7407,3
7408,0
7409,15
7410,0
7411,14
7412,2
7413,0
7414,2
7415,15
7416,0
7417,0
7418,4
7419,1
7420,15
7421,14
7422,3
7423,0
7424,3
7425,2
7426,15
7427,0
7428,0
7429,14
7430,15
7431,0
7432,3
7433,2
7434,2
7435,15
7436,1
7437,14
7438,0
7439,15
7440,0
7441,3
7442,2
7443,2
7444,15
7445,0
7446,3
7447,15
7448,0
7449,3
7450,0
7451,1
7452,15
7453,1
7454,14
7455,0
7456,15
7457,0
7458,3
7459,2
7460,2
7461,15
7462,0
7463,0
7464,3
7465,0
7466,15
7467,0
7468,14
7469,2
7470,0
7471,0
7472,15
7473,0
7474,0
7475,4
7476,0
7477,1
7478,15
7479,0
7480,0
7481,14
7482,15
7483,14
7484,14
7485,4
7486,3
7487,2
7488,15
7489,0
7490,14
7491,14
7492,4
7493,3
7494,1
7495,15
7496,0
7497,2
7498,14
7499,5
7500,14
7501,15
7502,0
7503,0
7504,3
7505,2
7506,14
7507,0
7508,1
7509,15
7510,0
7511,4
7512,15
7513,14
7514,3
7515,1
7516,3
7517,1
7518,15
7519,14
7520,3
7521,15
7522,0
7523,14
7524,0
7525,15
7526,0
7527,1
7528,15
7529,0
7530,3
7531,0
7532,15
7533,2
7534,0
7535,3
7536,2
7537,15
7538,0
7539,3
7540,2
7541,15
7542,0
7543,0
7544,0
7545,4
7546,1
7547,15
7548,0
7549,0
7550,3
7551,2
7552,15
7553,0
7554,14
7555,15
7556,0
7557,3
7558,0
7559,0
7560,1
7561,15
7562,0
7563,3
7564,15
7565,0
7566,14
7567,0
7568,15
7569,0
7570,1
7571,15
7572,0
7573,3
7574,0
7575,14
7576,6
7577,15
7578,0
7579,3
7580,15
7581,0
7582,3
7583,0
7584,14
7585,0
7586,15
7587,0
7588,0
7589,0
7590,4
7591,1
7592,15
7593,0
7594,0
7595,14
7596,15
7597,1
7598,0
7599,14
7600,2
7601,0
7602,14
7603,15
7604,0
7605,3
7606,15
7607,0
7608,3
7609,0
7610,2
7611,3
7612,15
7613,0
7614,3
7615,15
7616,0
7617,0
7618,14
7619,15
7620,0
7621,3
7622,2
7623,0
7624,14
7625,15
7626,1
7627,14
7628,0
7629,15
7630,0
7631,3
7632,0
7633,15
7634,1
7635,3
7636,0
7637,0
7638,2
7639,15
7640,2
7641,0
7642,14
7643,6
7644,15
7645,0
7646,0
7647,14
7648,15
7649,0
7650,3
7651,2
7652,15
7653,14
7654,3
7655,0
7656,14
7657,2
7658,15
7659,0
7660,0
7661,14
7662,15
7663,0
7664,2
7665,4
7666,15
7667,0
7668,0
7669,0
7670,14
7671,0
7672,15
7673,2
7674,2
7675,4
7676,2
7677,15
7678,14
7679,3
7680,0
7681,3
7682,14
7683,14
7684,4
7685,0
7686,4
7687,1
7688,15
7689,2
7690,0
7691,0
7692,4
7693,2
7694,15
7695,14
7696,3
7697,1
7698,0
7699,0
7700,4
7701,2
7702,14
7703,2
7704,15
7705,2
7706,14
7707,15
7708,14
7709,14
7710,4
7711,3
7712,2
7713,15
7714,0
7715,3
7716,15
7717,0
7718,2
7719,14
7720,14
7721,4
7722,2
7723,14
7724,2
7725,15
7726,2
7727,0
7728,2
7729,14
7730,2
7731,15
7732,2
7733,3
7734,0
7735,15
7736,14
7737,3
7738,1
7739,0
7740,0
7741,4
7742,2
7743,14
7744,2
7745,15
7746,0
7747,0
7748,3
7749,4
7750,1
7751,15
7752,2
7753,14
7754,3
7755,0
7756,14
7757,2
7758,2
7759,15
7760,0
7761,0
7762,14
7763,15
7764,0
7765,0
7766,14
7767,15
7768,0
7769,0
7770,4
7771,14
7772,15
7773,0
7774,3
7775,1
7776,15
7777,14
7778,3
7779,1
7780,3
7781,0
7782,14
7783,2
7784,15
7785,0
7786,0
7787,14
7788,15
7789,0
7790,0
7791,0
7792,14
7793,1
7794,15
7795,2
7796,3
7797,15
7798,0
7799,3
7800,2
7801,15
7802,2
7803,0
7804,14
7805,7
7806,15
7807,0
7808,0
7809,0
7810,14
7811,15
7812,0
7813,3
7814,15
7815,0
7816,0
7817,0
7818,3
7819,15
7820,0
7821,14
7822,0
7823,1
7824,0
7825,14
7826,15
7827,14
7828,15
7829,0
7830,0
7831,0
7832,0
7833,15
7834,0
7835,2
7836,14
7837,0
7838,1
7839,15
7840,14
7841,15
7842,0
7843,3
7844,2
7845,14
7846,15
7847,0
7848,3
7849,15
7850,0
7851,2
7852,14
7853,0
7854,15
7855,14
7856,3
7857,1
7858,3
7859,2
7860,2
7861,15
7862,14
7863,4
7864,2
7865,14
7866,15
7867,0
7868,14
7869,15
7870,1
7871,0
7872,14
7873,1
7874,15
7875,0
7876,0
7877,3
7878,2
7879,15
7880,2
7881,14
7882,15
7883,14
7884,14
7885,4
7886,3
7887,2
7888,15
7889,0
7890,14
7891,3
7892,1
7893,3
7894,2
7895,2
7896,15
7897,0
7898,14
7899,3
7900,1
7901,3
7902,0
7903,1
7904,15
7905,14
7906,0
7907,14
7908,15
7909,0
7910,3
7911,2
7912,15
7913,0
7914,0
7915,0
7916,7
7917,15
7918,1
7919,4
7920,15
7921,14
7922,3
7923,0
7924,0
7925,1
7926,15
7927,2
7928,3
7929,15
7930,0
7931,3
7932,2
7933,2
7934,15
7935,1
7936,0
7937,14
7938,2
7939,1
7940,15
7941,0
7942,0
7943,3
7944,2
7945,15
7946,0
7947,0
7948,4
7949,14
7950,15
7951,14
7952,14
7953,4
7954,2
7955,14
7956,1
7957,15
7958,14
7959,3
7960,2
7961,3
7962,15
7963,0
7964,2
7965,4
7966,1
7967,15
7968,1
7969,0
7970,14
7971,1
7972,15
7973,0
7974,0
7975,3
7976,2
7977,15
7978,0
7979,0
7980,3
7981,0
7982,2
7983,0
7984,14
7985,15
7986,0
7987,2
7988,0
7989,15
7990,14
7991,3
7992,2
7993,0
7994,14
7995,2
7996,15
7997,2
7998,0
7999,0
8000,2
8001,2
8002,15
8003,0
8004,1
8005,3
8006,15
8007,1
8008,0
8009,14
8010,2
8011,14
8012,1
8013,15
8014,2
8015,0
8016,3
8017,2
8018,2
8019,0
8020,2
8021,3
8022,0
8023,15
8024,0
8025,2
8026,14
8027,15
8028,1
8029,14
8030,1
8031,1
8032,15
8033,0
8034,1
8035,0
8036,4
8037,2
8038,15
8039,0
8040,2
8041,0
8042,1
8043,0
8044,14
8045,15
8046,14
8047,14
8048,4
8049,1
8050,15
8051,0
8052,14
8053,15
8054,0
8055,2
8056,4
8057,15
8058,0
8059,2
8060,0
8061,15
8062,0
8063,1
8064,3
8065,15
8066,2
8067,0
8068,3
8069,2
8070,0
8071,2
8072,15
8073,14
8074,3
8075,1
8076,1
8077,14
8078,2
8079,0
8080,3
8081,1
8082,1
8083,15
8084,0
8085,0
8086,14
8087,0
8088,14
8089,15
8090,0
8091,2
8092,3
8093,15
8094,0
8095,2
8096,0
8097,15
8098,2
8099,3
8100,1
8101,3
8102,15
8103,2
8104,14
8105,0
8106,0
8107,15
8108,0
8109,14
8110,2
8111,0
8112,0
8113,0
8114,14
8115,7
8116,15
8117,2
8118,14
8119,15
8120,14
8121,14
8122,4
8123,3
8124,2
8125,15
8126,2
8127,0
8128,4
8129,15
8130,1
8131,0
8132,14
8133,0
8134,0
8135,15
8136,14
8137,3
8138,0
8139,4
8140,15
8141,0
8142,0
8143,14
8144,15
8145,0
8146,3
8147,2
8148,2
8149,15
8150,0
8151,0
8152,7
8153,15
8154,2
8155,14
8156,15
8157,0
8158,3
8159,0
8160,14
8161,2
8162,15
8163,14
8164,14
8165,4
8166,3
8167,0
8168,14
8169,15
8170,0
8171,2
8172,0
8173,3
8174,2
8175,14
8176,2
8177,15
8178,0
8179,4
8180,0
8181,14
8182,15
8183,0
8184,3
8185,0
8186,3
8187,15
8188,0
8189,0
8190,5
8191,14
8192,15
8193,0
8194,0
8195,0
8196,0
8197,0
8198,14
8199,15
8200,0
8201,3
8202,0
8203,0
8204,14
8205,15
8206,0
8207,0
8208,0
8209,4
8210,3
8211,15
8212,0
8213,3
8214,0
8215,15
8216,14
8217,3
8218,0
8219,3
8220,2
8221,15
8222,0
8223,2
8224,14
8225,3
8226,0
8227,3
8228,2
8229,15
8230,0
8231,14
8232,0
8233,15
8234,2
8235,3
8236,0
8237,3
8238,0
8239,2
8240,15
8241,0
8242,0
8243,14
8244,15
8245,1
8246,3
8247,0
8248,1
8249,15
8250,0
8251,2
8252,0
8253,14
8254,15
8255,0
8256,3
8257,15
8258,1
8259,3
8260,0
8261,3
8262,15
8263,0
8264,0
8265,15
8266,0
8267,4
8268,15
8269,14
8270,3
8271,0
8272,4
8273,15
8274,0
8275,0
8276,14
8277,15
8278,0
8279,3
8280,0
8281,14
8282,15
8283,0
8284,0
8285,0
8286,0
8287,15
8288,14
8289,14
8290,4
8291,1
8292,14
8293,2
8294,15
8295,2
8296,0
8297,3
8298,2
8299,15
8300,14
8301,3
8302,0
8303,14
8304,2
8305,2
8306,15
8307,0
8308,3
8309,0
8310,14
8311,0
8312,0
8313,0
8314,14
8315,15
8316,2
8317,0
8318,4
8319,1
8320,15
8321,0
8322,3
8323,15
8324,0
8325,3
8326,15
8327,0
8328,0
8329,3
8330,15
8331,14
8332,3
8333,0
8334,3
8335,1
8336,15
8337,0
8338,14
8339,0
8340,15
8341,0
8342,2
8343,0
8344,15
8345,2
8346,14
8347,15
8348,1
8349,3
8350,0
8351,14
8352,15
8353,14
8354,3
8355,0
8356,3
8357,0
8358,2
8359,15
8360,0
8361,1
8362,15
8363,0
8364,0
8365,14
8366,15
8367,0
8368,3
8369,2
8370,2
8371,15
8372,0
8373,14
8374,2
8375,14
8376,3
8377,2
8378,3
8379,0
8380,14
8381,1
8382,15
8383,0
8384,0
8385,14
8386,15
8387,14
8388,3
8389,1
8390,0
8391,14
8392,2
8393,15
8394,0
8395,14
8396,2
8397,7
8398,0
8399,14
8400,3
8401,0
8402,3
8403,2
8404,15
8405,0
8406,3
8407,0
8408,15
8409,14
8410,3
8411,2
8412,0
8413,14
8414,2
8415,15
8416,0
8417,3
8418,15
8419,0
8420,3
8421,0
8422,1
8423,15
8424,14
8425,3
8426,15
8427,0
8428,0
8429,14
8430,0
8431,15
8432,0
8433,3
8434,0
8435,14
8436,15
8437,0
8438,3
8439,1
8440,1
8441,15
8442,0
8443,0
8444,3
8445,0
8446,1
8447,15
8448,0
8449,3
8450,15
8451,14
8452,3
8453,2
8454,0
8455,14
8456,1
8457,15
8458,0
8459,0
8460,3
8461,1
8462,1
8463,15
8464,0
8465,2
8466,0
8467,14
8468,2
8469,2
8470,15
8471,0
8472,3
8473,15
8474,0
8475,3
8476,0
8477,0
8478,15
8479,0
8480,0
8481,0
8482,2
8483,2
8484,15
8485,0
8486,0
8487,3
8488,1
8489,1
8490,15
8491,0
8492,0
8493,3
8494,0
8495,1
8496,15
8497,0
8498,14
8499,15
8500,0
8501,3
8502,15
8503,1
8504,3
8505,0
8506,3
8507,0
8508,3
8509,15
8510,0
8511,3
8512,0
8513,1
8514,15
8515,2
8516,14
8517,15
8518,14
8519,3
8520,2
8521,0
8522,14
8523,0
8524,2
8525,15
8526,0
8527,3
8528,15
8529,0
8530,0
8531,14
8532,15
8533,0
8534,3
8535,2
8536,1
8537,15
8538,2
8539,3
8540,15
8541,14
8542,0
8543,14
8544,0
8545,2
8546,2
8547,15
8548,0
8549,1
8550,0
8551,15
8552,2
8553,0
8554,3
8555,2
8556,2
8557,15
8558,0
8559,3
8560,1
8561,1
8562,15
8563,2
8564,3
8565,0
8566,15
8567,14
8568,3
8569,2
8570,3
8571,0
8572,14
8573,2
8574,15
8575,0
8576,0
8577,3
8578,2
8579,14
8580,15
8581,1
8582,3
8583,0
8584,0
8585,0
8586,1
8587,15
8588,0
8589,2
8590,14
8591,6
8592,15
8593,0
8594,0
8595,0
8596,14
8597,15
8598,14
8599,3
8600,1
8601,3
8602,0
8603,2
8604,14
8605,15
8606,1
8607,0
8608,4
8609,6
8610,15
8611,0
8612,3
8613,1
8614,1
8615,15
8616,0
8617,1
8618,0
8619,15
8620,2
8621,3
8622,1
8623,0
8624,14
8625,2
8626,15
8627,0
8628,14
8629,14
8630,4
8631,3
8632,2
8633,15
8634,14
8635,0
8636,3
8637,15
8638,0
8639,3
8640,0
8641,14
8642,1
8643,15
8644,0
8645,1
8646,15
8647,2
8648,14
8649,3
8650,2
8651,0
8652,14
8653,2
8654,15
8655,14
8656,14
8657,4
8658,0
8659,2
8660,15
8661,0
8662,0
8663,0
8664,3
8665,2
8666,14
8667,15
8668,0
8669,3
8670,2
8671,14
8672,1
8673,1
8674,15
8675,2
8676,14
8677,3
8678,1
8679,3
8680,0
8681,14
8682,15
8683,14
8684,3
8685,1
8686,0
8687,14
8688,2
8689,15
8690,1
8691,0
8692,14
8693,15
8694,14
8695,15
8696,14
8697,15
8698,0
8699,1
8700,14
8701,2
8702,14
8703,15
8704,0
8705,0
8706,14
8707,0
8708,6
8709,15
8710,14
8711,15
8712,14
8713,15
8714,14
8715,3
8716,1
8717,3
8718,0
8719,14
8720,2
8721,2
8722,15
8723,2
8724,3
8725,15
8726,0
8727,2
8728,2
8729,15
8730,14
8731,3
8732,2
8733,0
8734,14
8735,0
8736,1
8737,15
8738,0
8739,4
8740,15
8741,14
8742,3
8743,2
8744,0
8745,14
8746,0
8747,15
8748,1
8749,3
8750,0
8751,7
8752,15
8753,2
8754,14
8755,3
8756,2
8757,0
8758,14
8759,2
8760,15
8761,0
8762,0
8763,14
8764,15
8765,0
8766,4
8767,15
8768,14
8769,14
8770,4
8771,3
8772,0
8773,15
8774,1
8775,3
8776,0
8777,6
8778,15
8779,2
8780,14
8781,3
8782,0
8783,3
8784,2
8785,15
8786,0
8787,14
8788,3
8789,0
8790,3
8791,1
8792,15
8793,1
8794,3
8795,0
8796,0
8797,15
8798,2
8799,14
8800,3
8801,0
8802,2
8803,14
8804,2
8805,15
8806,0
8807,0
8808,14
8809,15
8810,0
8811,3
8812,1
8813,1
8814,15
8815,2
8816,3
8817,15
8818,0
8819,2
8820,2
8821,15
8822,2
8823,0
8824,14
8825,0
8826,15
8827,0
8828,2
8829,14
8830,0
8831,2
8832,2
8833,15
8834,0
8835,0
8836,3
8837,1
8838,1
8839,15
8840,0
8841,0
8842,3
8843,0
8844,1
8845,15
8846,0
8847,3
8848,1
8849,15
8850,0
8851,14
8852,2
8853,7
8854,15
8855,14
8856,3
8857,0
8858,14
8859,6
8860,15
8861,0
8862,2
8863,3
8864,15
8865,0
8866,0
8867,0
8868,15
8869,14
8870,14
8871,4
8872,3
8873,2
8874,15
8875,0
8876,3
8877,15
8878,0
8879,3
8880,0
8881,2
8882,3
8883,15
8884,2
8885,1
8886,1
8887,14
8888,2
8889,15
8890,1
8891,3
8892,0
8893,0
8894,1
8895,15
8896,1
8897,14
8898,0
8899,15
8900,0
8901,3
8902,2
8903,2
8904,15
8905,2
8906,3
8907,15
8908,14
8909,3
8910,0
8911,3
8912,0
8913,14
8914,2
8915,15
8916,1
8917,0
8918,14
8919,1
8920,15
8921,14
8922,3
8923,0
8924,4
8925,2
8926,15
8927,14
8928,14
8929,4
8930,0
8931,14
8932,1
8933,15
8934,0
8935,3
8936,0
8937,15
8938,1
8939,1
8940,14
8941,2
8942,15
8943,14
8944,14
8945,4
8946,3
8947,2
8948,15
8949,0
8950,2
8951,0
8952,14
8953,15
8954,0
8955,2
8956,4
8957,3
8958,15
8959,0
8960,3
8961,0
8962,15
8963,14
8964,14
8965,4
8966,0
8967,14
8968,2
8969,15
8970,0
8971,3
8972,15
8973,1
8974,3
8975,0
8976,2
8977,3
8978,15
8979,0
8980,3
8981,5
8982,14
8983,15
8984,0
8985,1
8986,0
8987,14
8988,0
8989,15
8990,14
8991,14
8992,4
8993,14
8994,2
8995,14
8996,15
8997,14
8998,3
8999,0
9000,3
9001,1
9002,15
9003,0
9004,1
9005,15
9006,0
9007,0
9008,14
9009,0
9010,6
9011,15
9012,0
9013,3
9014,0
9015,14
9016,0
9017,15
9018,14
9019,14
9020,4
9021,0
9022,14
9023,15
9024,0
9025,14
9026,3
9027,0
9028,3
9029,1
9030,15
9031,0
9032,14
9033,14
9034,4
9035,3
9036,1
9037,15
9038,0
9039,0
9040,3
9041,15
9042,0
9043,0
9044,7
9045,15
9046,0
9047,3
9048,0
9049,15
9050,1
9051,0
9052,14
9053,2
9054,0
9055,2
9056,15
9057,0
9058,3
9059,2
9060,15
9061,2
9062,3
9063,15
9064,0
9065,2
9066,2
9067,15
9068,14
9069,14
9070,4
9071,0
9072,14
9073,0
9074,1
9075,15
9076,0
9077,3
9078,15
9079,0
9080,3
9081,0
9082,2
9083,3
9084,15
9085,0
9086,2
9087,0
9088,15
9089,0
9090,0
9091,14
9092,15
9093,0
9094,0
9095,14
9096,15
9097,0
9098,3
9099,0
9100,14
9101,15
9102,0
9103,0
9104,0
9105,14
9106,0
9107,15
9108,0
9109,3
9110,0
9111,14
9112,0
9113,15
9114,0
9115,14
9116,15
9117,0
9118,3
9119,0
9120,0
9121,15
9122,2
9123,14
9124,2
9125,0
9126,14
9127,15
9128,0
9129,0
9130,14
9131,5
9132,14
9133,0
9134,3
9135,1
9136,1
9137,15
9138,0
9139,0
9140,14
9141,15
9142,0
9143,2
9144,0
9145,1
9146,15
9147,0
9148,0
9149,14
9150,0
9151,1
9152,1
9153,0
9154,0
9155,0
9156,14
9157,0
9158,15
9159,1
9160,0
9161,14
9162,0
9163,2
9164,1
9165,15
9166,0
9167,15
9168,0
9169,0
9170,3
9171,2
9172,14
9173,6
9174,15
9175,0
9176,3
9177,0
9178,14
9179,2
9180,2
9181,15
9182,0
9183,15
9184,0
9185,0
9186,3
9187,1
9188,15
9189,0
9190,3
9191,0
9192,0
9193,14
9194,0
9195,15
9196,0
9197,0
9198,3
9199,2
9200,15
9201,0
9202,2
9203,2
9204,15
9205,2
9206,0
9207,3
9208,2
9209,15
9210,0
9211,2
9212,14
9213,15
9214,1
9215,0
9216,14
9217,0
9218,0
9219,15
9220,14
9221,0
9222,14
9223,15
9224,0
9225,0
9226,0
9227,0
9228,0
9229,3
9230,15
9231,0
9232,0
9233,14
9234,15
9235,0
9236,3
9237,0
9238,1
9239,14
9240,14
9241,15
9242,0
9243,3
9244,2
9245,14
9246,1
9247,3
9248,15
9249,0
9250,2
9251,4
9252,0
9253,14
9254,15
9255,1
9256,0
9257,14
9258,1
9259,0
9260,15
9261,14
9262,14
9263,4
9264,3
9265,0
9266,14
9267,2
9268,15
9269,0
9270,0
9271,14
9272,1
9273,15
9274,14
9275,3
9276,1
9277,3
9278,0
9279,2
9280,14
9281,15
9282,0
9283,0
9284,3
9285,2
9286,2
9287,15
9288,2
9289,3
9290,15
9291,0
9292,0
9293,14
9294,0
9295,2
9296,15
9297,14
9298,3
9299,1
9300,3
9301,0
9302,2
9303,14
9304,15
9305,3
9306,1
9307,15
9308,1
9309,2
9310,14
9311,7
9312,15
9313,0
9314,1
9315,0
9316,15
9317,1
9318,0
9319,0
9320,14
9321,6
9322,15
9323,0
9324,14
9325,3
9326,0
9327,14
9328,0
9329,15
9330,0
9331,14
9332,2
9333,1
9334,15
9335,14
9336,3
9337,1
9338,3
9339,2
9340,14
9341,15
9342,0
9343,14
9344,3
9345,1
9346,0
9347,2
9348,1
9349,15
9350,0
9351,0
9352,3
9353,2
9354,1
9355,0
9356,14
9357,15
9358,0
9359,14
9360,15
9361,0
9362,3
9363,0
9364,1
9365,15
9366,0
9367,1
9368,0
9369,15
9370,0
9371,3
9372,0
9373,0
9374,15
9375,0
9376,15
9377,0
9378,2
9379,14
9380,0
9381,15
9382,2
9383,0
9384,3
9385,0
9386,2
9387,15
9388,0
9389,3
9390,15
9391,0
9392,3
9393,2
9394,15
9395,0
9396,0
9397,4
9398,15
9399,14
9400,3
9401,1
9402,4
9403,15
9404,0
9405,3
9406,0
9407,1
9408,1
9409,15
9410,0
9411,0
9412,14
9413,0
9414,15
9415,0
9416,14
9417,15
9418,0
9419,3
9420,2
9421,14
9422,15
9423,0
9424,3
9425,15
9426,0
9427,3
9428,0
9429,3
9430,15
9431,2
9432,14
9433,2
9434,15
9435,2
9436,0
9437,14
9438,7
9439,15
9440,0
9441,0
9442,0
9443,0
9444,4
9445,1
9446,15
9447,14
9448,3
9449,1
9450,0
9451,14
9452,2
9453,0
9454,2
9455,3
9456,15
9457,0
9458,14
9459,0
9460,3
9461,15
9462,14
9463,14
9464,4
9465,3
9466,0
9467,1
9468,15
9469,0
9470,14
9471,1
9472,14
9473,0
9474,1
9475,15
9476,0
9477,3
9478,0
9479,14
9480,15
9481,0
9482,0
9483,1
9484,15
9485,0
9486,3
9487,15
9488,0
9489,3
9490,0
9491,0
9492,0
9493,0
9494,14
9495,15
9496,0
9497,0
9498,3
9499,0
9500,1
9501,0
9502,14
9503,15
9504,2
9505,3
9506,15
9507,0
9508,14
9509,2
9510,2
9511,15
9512,14
9513,3
9514,0
9515,2
9516,15
9517,0
9518,2
9519,3
9520,15
9521,0
9522,14
9523,0
9524,3
9525,15
9526,1
9527,3
9528,0
9529,3
9530,2
9531,0
9532,0
9533,15
9534,0
9535,3
9536,0
9537,1
9538,0
9539,14
9540,15
9541,2
9542,3
9543,1
9544,3
9545,0
9546,2
9547,2
9548,15
9549,0
9550,3
9551,15
9552,2
9553,3
9554,0
9555,2
9556,14
9557,2
9558,15
9559,14
9560,3
9561,2
9562,0
9563,14
9564,0
9565,1
9566,15
9567,0
9568,3
9569,0
9570,1
9571,0
9572,14
9573,15
9574,2
9575,3
9576,1
9577,3
9578,0
9579,2
9580,2
9581,15
9582,2
9583,0
9584,4
9585,1
9586,15
9587,0
9588,4
9589,0
9590,15
9591,0
9592,14
9593,0
9594,15
9595,14
9596,3
9597,14
9598,2
9599,2
9600,15
9601,1
9602,1
9603,14
9604,2
9605,15
9606,14
9607,3
9608,2
9609,2
9610,15
9611,14
9612,0
9613,14
9614,15
9615,14
9616,3
9617,0
9618,3
9619,2
9620,15
9621,0
9622,14
9623,2
9624,1
9625,15
9626,14
9627,3
9628,0
9629,14
9630,0
9631,2
9632,0
9633,0
9634,3
9635,0
9636,1
9637,15
9638,0
9639,0
9640,3
9641,2
9642,15
9643,0
9644,3
9645,0
9646,15
9647,0
9648,3
9649,2
9650,15
9651,2
9652,3
9653,15
9654,14
9655,14
9656,4
9657,0
9658,14
9659,2
9660,15
9661,2
9662,3
9663,15
9664,0
9665,3
9666,2
9667,15
9668,14
9669,3
9670,2
9671,15
9672,0
9673,4
9674,1
9675,15
9676,0
9677,3
9678,15
9679,0
9680,1
9681,15
9682,0
9683,3
9684,0
9685,1
9686,15
9687,1
9688,4
9689,1
9690,15
9691,0
9692,2
9693,3
9694,15
9695,1
9696,3
9697,0
9698,2
9699,0
9700,15
9701,0
9702,3
9703,0
9704,15
9705,0
9706,3
9707,2
9708,0
9709,14
9710,15
9711,0
9712,2
9713,3
9714,15
9715,0
9716,0
9717,0
9718,1
9719,15
9720,0
9721,0
9722,2
9723,15
9724,14
9725,2
9726,14
9727,3
9728,2
9729,0
9730,14
9731,2
9732,15
9733,2
9734,14
9735,3
9736,0
9737,2
9738,14
9739,2
9740,15
9741,14
9742,14
9743,4
9744,14
9745,2
9746,2
9747,15
9748,0
9749,0
9750,14
9751,15
9752,0
9753,0
9754,2
9755,14
9756,1
9757,15
9758,2
9759,2
9760,15
9761,14
9762,3
9763,0
9764,14
9765,0
9766,1
9767,3
9768,15
9769,0
9770,0
9771,2
9772,1
9773,15
9774,0
9775,3
9776,1
9777,15
9778,14
9779,3
9780,0
9781,3
9782,2
9783,15
9784,14
9785,3
9786,0
9787,14
9788,2
9789,1
9790,15
9791,0
9792,3
9793,5
9794,14
9795,15
9796,0
9797,14
9798,15
9799,0
9800,2
9801,14
9802,5
9803,14
9804,15
9805,0
9806,14
9807,3
9808,0
9809,3
9810,2
9811,1
9812,15
9813,0
9814,0
9815,0
9816,15
9817,14
9818,2
9819,14
9820,3
9821,2
9822,0
9823,14
9824,2
9825,15
9826,2
9827,14
9828,14
9829,4
9830,3
9831,2
9832,15
9833,14
9834,3
9835,15
9836,0
9837,14
9838,15
9839,0
9840,3
9841,0
9842,14
9843,15
9844,0
9845,2
9846,4
9847,14
9848,15
9849,0
9850,2
9851,3
9852,0
9853,2
9854,14
9855,2
9856,15
9857,14
9858,14
9859,4
9860,0
9861,4
9862,1
9863,15
9864,2
9865,14
9866,15
9867,14
9868,3
9869,0
9870,3
9871,1
9872,14
9873,2
9874,15
9875,2
9876,0
9877,3
9878,2
9879,15
9880,0
9881,0
9882,3
9883,2
9884,2
9885,15
9886,0
9887,3
9888,15
9889,2
9890,1
9891,3
9892,2
9893,7
9894,15
9895,0
9896,0
9897,14
9898,15
9899,0
9900,2
9901,0
9902,15
9903,2
9904,4
9905,14
9906,15
9907,0
9908,4
9909,15
9910,0
9911,0
9912,3
9913,2
9914,14
9915,15
9916,0
9917,0
9918,3
9919,15
9920,0
9921,3
9922,0
9923,15
9924,14
9925,3
9926,0
9927,2
9928,14
9929,2
9930,15
9931,0
9932,3
9933,15
9934,0
9935,3
9936,0
9937,14
9938,1
9939,15
9940,0
9941,3
9942,0
9943,15
9944,0
9945,14
9946,15
9947,0
9948,3
9949,0
9950,2
9951,1
9952,15
9953,0
9954,0
9955,3
9956,2
9957,15
9958,14
9959,2
9960,14
9961,2
9962,1
9963,15
9964,0
9965,0
9966,3
9967,0
9968,1
9969,15
9970,2
9971,0
9972,0
9973,2
9974,2
9975,3
9976,15
9977,0
9978,0
9979,3
9980,0
9981,15
9982,0
9983,0
9984,3
9985,2
9986,15
9987,0
9988,1
9989,0
9990,14
9991,1
9992,15
9993,2
9994,3
9995,15
9996,0
9997,3
9998,0
9999,2
10000,15
10001,14
10002,3
10003,1
10004,3
10005,2
10006,2
10007,15
10008,14
10009,14
10010,4
10011,0
10012,2
10013,15
10014,0
10015,14
10016,14
10017,4
10018,3
10019,0
10020,14
10021,1
10022,15
10023,0
10024,0
10025,14
10026,15
10027,1
10028,0
10029,14
10030,1
10031,15
10032,1
10033,3
10034,2
10035,0
10036,15
10037,0
10038,3
10039,7
10040,15
10041,0
10042,1
10043,15
10044,0
10045,3
10046,0
10047,0
10048,1
10049,15
10050,0
10051,3
10052,0
10053,1
10054,15
10055,0
10056,3
10057,15
10058,0
10059,14
10060,15
10061,1
10062,0
10063,14
10064,1
10065,15
10066,0
10067,3
10068,0
10069,15
10070,0
10071,3
10072,0
10073,15
10074,0
10075,3
10076,2
10077,2
10078,15
10079,1
10080,3
10081,0
10082,0
10083,1
10084,15
10085,2
10086,0
10087,3
10088,15
10089,0
10090,0
10091,0
10092,15
10093,0
10094,3
10095,0
10096,15
10097,0
10098,4
10099,15
10100,0
10101,0
10102,0
10103,15
10104,0
10105,0
10106,0
10107,2
10108,2
10109,15
10110,2
10111,0
10112,3
10113,2
10114,2
10115,15
10116,1
10117,0
10118,6
10119,15
10120,0
10121,2
10122,3
10123,15
10124,0
10125,0
10126,0
10127,15
10128,14
10129,3
10130,1
10131,3
10132,2
10133,1
10134,15
10135,2
10136,0
10137,3
10138,2
10139,15
10140,14
10141,14
10142,4
10143,14
10144,2
10145,15
10146,0
10147,14
10148,3
10149,2
10150,3
10151,0
10152,1
10153,15
10154,0
10155,1
10156,15
10157,0
10158,0
10159,3
10160,2
10161,15
10162,14
10163,3
10164,15
10165,0
10166,14
10167,0
10168,3
10169,15
10170,0
10171,0
10172,3
10173,0
10174,15
10175,0
10176,3
10177,1
10178,14
10179,0
10180,6
10181,15
10182,0
10183,14
10184,3
10185,2
10186,3
10187,0
10188,2
10189,15
10190,0
10191,0
10192,3
10193,2
10194,0
10195,14
10196,15
10197,0
10198,2
10199,3
10200,15
10201,0
10202,14
10203,0
10204,3
10205,15
10206,0
10207,0
10208,14
10209,1
10210,15
10211,14
10212,3
10213,1
10214,0
10215,2
10216,2
10217,15
10218,0
10219,3
10220,0
10221,1
10222,15
10223,0
10224,0
10225,14
10226,2
10227,6
10228,15
10229,0
10230,0
10231,14
10232,15
10233,0
10234,3
10235,0
10236,15
10237,0
10238,3
10239,0
10240,14
10241,0
10242,15
10243,0
10244,3
10245,0
10246,14
10247,0
10248,15
10249,0
10250,14
10251,0
10252,15
10253,2
10254,0
10255,0
10256,14
10257,0
10258,2
10259,0
10260,14
10261,15
10262,0
10263,3
10264,15
10265,2
10266,0
10267,3
10268,2
10269,2
10270,15
10271,0
10272,3
10273,1
10274,14
10275,0
10276,15
10277,0
10278,0
10279,3
10280,2
10281,14
10282,15
10283,2
10284,14
10285,2
10286,15
10287,1
10288,0
10289,4
10290,2
10291,15
10292,14
10293,3
10294,2
10295,3
10296,0
10297,14
10298,2
10299,15
10300,2
10301,0
10302,4
10303,1
10304,15
10305,0
10306,3
10307,0
10308,1
10309,1
10310,15
10311,0
10312,0
10313,3
10314,15
10315,14
10316,3
10317,2
10318,0
10319,14
10320,0
10321,2
10322,15
10323,0
10324,0
10325,14
10326,0
10327,1
10328,15
10329,14
10330,3
10331,2
10332,0
10333,14
10334,0
10335,1
10336,15
10337,2
10338,14
10339,3
10340,2
10341,3
10342,0
10343,14
10344,2
10345,15
10346,0
10347,0
10348,3
10349,0
10350,1
10351,15
10352,14
10353,3
10354,0
10355,3
10356,1
10357,15
10358,0
10359,14
10360,3
10361,0
10362,3
10363,2
10364,0
10365,1
10366,15
10367,0
10368,3
10369,0
10370,0
10371,2
10372,14
10373,15
10374,0
10375,3
10376,2
10377,14
10378,1
10379,15
10380,14
10381,3
10382,0
10383,3
10384,2
10385,15
10386,0
10387,0
10388,0
10389,0
10390,15
10391,0
10392,0
10393,3
10394,15
10395,0
10396,0
10397,14
10398,15
10399,0
10400,2
10401,14
10402,2
10403,15
10404,0
10405,14
10406,2
10407,7
10408,15
10409,2
10410,0
10411,3
10412,2
10413,0
10414,14
10415,15
10416,2
10417,4
10418,14
10419,15
10420,0
10421,3
10422,0
10423,2
10424,1
10425,15
10426,0
10427,0
10428,3
10429,2
10430,15
10431,14
10432,2
10433,14
10434,2
10435,1
10436,15
10437,0
10438,0
10439,3
10440,0
10441,1
10442,15
10443,0
10444,0
10445,3
10446,2
10447,15
10448,0
10449,3
10450,0
10451,15
10452,0
10453,2
10454,14
10455,2
10456,2
10457,15
10458,2
10459,0
10460,4
10461,15
10462,14
10463,3
10464,0
10465,3
10466,1
10467,14
10468,1
10469,15
10470,14
10471,3
10472,0
10473,14
10474,0
10475,15
10476,14
10477,3
10478,1
10479,0
10480,14
10481,2
10482,14
10483,2
10484,15
10485,0
10486,0
10487,14
10488,15
10489,0
10490,3
10491,0
10492,1
10493,15
10494,0
10495,2
10496,0
10497,15
10498,2
10499,1
10500,0
10501,2
10502,2
10503,15
10504,14
10505,0
10506,14
10507,0
10508,2
10509,15
10510,14
10511,14
10512,4
10513,4
10514,15
10515,0
10516,0
10517,14
10518,15
10519,0
10520,3
10521,2
10522,14
10523,15
10524,0
10525,3
10526,15
10527,0
10528,2
10529,0
10530,15
10531,14
10532,3
10533,0
10534,3
10535,0
10536,1
10537,15
10538,0
10539,0
10540,14
10541,15
10542,14
10543,3
10544,0
10545,3
10546,1
10547,15
10548,0
10549,0
10550,3
10551,2
10552,2
10553,15
10554,2
10555,3
10556,15
10557,0
10558,3
10559,2
10560,15
10561,0
10562,0
10563,3
10564,7
10565,15
10566,0
10567,0
10568,0
10569,14
10570,15
10571,0
10572,0
10573,0
10574,3
10575,15
10576,0
10577,2
10578,4
10579,1
10580,15
10581,0
10582,2
10583,0
10584,15
10585,0
10586,14
10587,15
10588,0
10589,2
10590,0
10591,15
10592,2
10593,3
10594,1
10595,3
10596,15
10597,2
10598,0
10599,3
10600,2
10601,15
10602,0
10603,4
